/home/david/Music/4 - Foreigner/cover.jpg	Foreigner-4.jpg	Foreigner	4	/home/david/Music/4 - Foreigner/02 - Foreigner - Juke Box Hero.flac
/home/david/Music/7 Years - Lukas Graham/cover.jpg	Lukas Graham-Lukas Graham.jpg	Lukas Graham	Lukas Graham	/home/david/Music/7 Years - Lukas Graham/01 - Lukas Graham - 7 Years.flac
/home/david/Music/A Hard Day's Night/cover.jpg	The Beatles-A Hard Day's Night.jpg	The Beatles	A Hard Day's Night	/home/david/Music/A Hard Day's Night/01 A Hard Day's Night.mp3
/home/david/Music/A Momentary Lapse of Reason - Pink Floyd/cover.jpg	Pink Floyd-A Momentary Lapse of Reason.jpg	Pink Floyd	A Momentary Lapse of Reason	/home/david/Music/A Momentary Lapse of Reason - Pink Floyd/01 - Pink Floyd - Signs of Life.flac
/home/david/Music/A Question Of Balance - The Moody Blues/cover.jpg	The Moody Blues-A Question of Balance.jpg	The Moody Blues	A Question of Balance	/home/david/Music/A Question Of Balance - The Moody Blues/01 - The Moody Blues - Question.flac
/home/david/Music/Abbey Road (Remastered) - The Beatles/cover.jpg	The Beatles-Abbey Road.jpg	The Beatles	Abbey Road	/home/david/Music/Abbey Road (Remastered) - The Beatles/01 - The Beatles - Come Together (Remastered 2009).flac
/home/david/Music/All Things Must Pass (Remastered 2014) - George Harrison/cover.jpg	George Harrison-All Things Must Pass.jpg	George Harrison	All Things Must Pass	/home/david/Music/All Things Must Pass (Remastered 2014) - George Harrison/Disc 1/01 - George Harrison - I'd Have You Anytime (Remastered 2014).flac
/home/david/Music/Alone In A Crowd - Oliver Tree/cover.jpg	Oliver Tree-Alone in a Crowd.jpg	Oliver Tree	Alone in a Crowd	/home/david/Music/Alone In A Crowd - Oliver Tree/01 - Oliver Tree - Bounce.flac
/home/david/Music/Amaryllis - Shinedown/cover.jpg	Shinedown-Amaryllis.jpg	Shinedown	Amaryllis	/home/david/Music/Amaryllis - Shinedown/01 - Shinedown - Adrenaline.flac
/home/david/Music/American Idiot - Green Day/cover.jpg	Green Day-American Idiot.jpg	Green Day	American Idiot	/home/david/Music/American Idiot - Green Day/01 - Green Day - American Idiot.flac
/home/david/Music/Americana - The Offspring/cover.jpg	The Offspring-Americana.jpg	The Offspring	Americana	/home/david/Music/Americana - The Offspring/01 - The Offspring - Welcome.flac
/home/david/Music/ATTENTION ATTENTION - Shinedown/cover.jpg	Shinedown-Attention Attention.jpg	Shinedown	Attention Attention	/home/david/Music/ATTENTION ATTENTION - Shinedown/01 - Shinedown - THE ENTRANCE.flac
/home/david/Music/Awake (Deluxe Edition) - Skillet/cover.jpg	Skillet-Awake.jpg	Skillet	Awake	/home/david/Music/Awake (Deluxe Edition) - Skillet/01 - Skillet - Hero.flac
/home/david/Music/BADLANDS (Deluxe) - Halsey/cover.jpg	Halsey-Badlands.jpg	Halsey	Badlands	/home/david/Music/BADLANDS (Deluxe) - Halsey/01 - Halsey - Castle.flac
/home/david/Music/Band On The Run - Paul McCartney/cover.jpg	Paul McCartney-Band on the Run.jpg	Paul McCartney	Band on the Run	/home/david/Music/Band On The Run - Paul McCartney/01 - Paul McCartney - Band On The Run (2010 Remaster).flac
/home/david/Music/By the Way (Deluxe Edition) - Red Hot Chili Peppers/cover.jpg	Red Hot Chili Peppers-By the Way.jpg	Red Hot Chili Peppers	By the Way	/home/david/Music/By the Way (Deluxe Edition) - Red Hot Chili Peppers/01 - Red Hot Chili Peppers - By the Way.flac
/home/david/Music/Cannot Help Myself - Emma Blackery/cover.jpg	Emma Blackery-Cannot Help Myself.jpg	Emma Blackery	Cannot Help Myself	/home/david/Music/Cannot Help Myself - Emma Blackery/01 - Emma Blackery - Everybody Lies.flac
/home/david/Music/Celebrity Skin - Emma Blackery/cover.jpg	Emma Blackery-Celebrity Skin.jpg	Emma Blackery	Celebrity Skin	/home/david/Music/Celebrity Skin - Emma Blackery/01 - Emma Blackery - Celebrity Skin.flac
/home/david/Music/Chocolate Starfish And The Hot Dog Flavored Water - Limp Bizkit 2/cover.jpg	Limp Bizkit-Chocolate Starfish and the Hot Dog Flavored Water.jpg	Limp Bizkit	Chocolate Starfish and the Hot Dog Flavored Water	/home/david/Music/Chocolate Starfish And The Hot Dog Flavored Water - Limp Bizkit 2/01 - Limp Bizkit - Intro.flac
/home/david/Music/Cry Baby - Melanie Martinez/cover.jpg	Melanie Martinez-Cry Baby.jpg	Melanie Martinez	Cry Baby	/home/david/Music/Cry Baby - Melanie Martinez/01 - Melanie Martinez - Cry Baby.flac
/home/david/Music/Dead Silence - Billy Talent/cover.jpg	Billy Talent-Dead Silence.jpg	Billy Talent	Dead Silence	/home/david/Music/Dead Silence - Billy Talent/01 - Billy Talent - Lonely Road to Absolution.flac
/home/david/Music/Death By Rock And Roll - The Pretty Reckless/cover.jpg	The Pretty Reckless-Death By Rock and Roll.jpg	The Pretty Reckless	Death By Rock and Roll	/home/david/Music/Death By Rock And Roll - The Pretty Reckless/01 - The Pretty Reckless - Death By Rock And Roll.flac
/home/david/Music/Demon Days - Gorillaz/cover.jpg	Gorillaz-Demon Days.jpg	Gorillaz	Demon Days	/home/david/Music/Demon Days - Gorillaz/01 - Gorillaz - Intro.flac
/home/david/Music/Distant Worlds II - Purrple Cat/cover.jpg	Purrple Cat-Distant Worlds Ii.jpg	Purrple Cat	Distant Worlds Ii	/home/david/Music/Distant Worlds II - Purrple Cat/01 - Purrple Cat - Alienated.flac
/home/david/Music/Electric Jewels - April Wine/cover.jpg	April Wine-Electric Jewels.jpg	April Wine	Electric Jewels	/home/david/Music/Electric Jewels - April Wine/01 - April Wine - Weeping Widow.flac
/home/david/Music/Every Good Boy Deserves Favour - The Moody Blues/cover.jpg	The Moody Blues-Every Good Boy Deserves Favour.jpg	The Moody Blues	Every Good Boy Deserves Favour	/home/david/Music/Every Good Boy Deserves Favour - The Moody Blues/01 - The Moody Blues - Procession.flac
/home/david/Music/Fallen - Evanescence/cover.jpg	Evanescence-Fallen.jpg	Evanescence	Fallen	/home/david/Music/Fallen - Evanescence/01 - Evanescence - Going Under.flac
/home/david/Music/Finger Eleven - finger eleven/cover.jpg	finger eleven-Finger Eleven.jpg	finger eleven	Finger Eleven	/home/david/Music/Finger Eleven - finger eleven/01 - finger eleven - Other Light.flac
/home/david/Music/From Zero - Linkin Park/cover.jpg	Linkin Park-From Zero.jpg	Linkin Park	From Zero	/home/david/Music/From Zero - Linkin Park/01 - Linkin Park - From Zero (Intro).flac
/home/david/Music/Getting Away With Murder (Expanded Edition) - Papa Roach/cover.jpg	Papa Roach-Getting Away With Murder.jpg	Papa Roach	Getting Away With Murder	/home/david/Music/Getting Away With Murder (Expanded Edition) - Papa Roach/01 - Papa Roach - Blood.flac
/home/david/Music/Going To Hell (Deluxe Edition) - The Pretty Reckless/cover.jpg	The Pretty Reckless-Going to Hell.jpg	The Pretty Reckless	Going to Hell	/home/david/Music/Going To Hell (Deluxe Edition) - The Pretty Reckless/01 - The Pretty Reckless - Follow Me Down.flac
/home/david/Music/Happier Than Ever - Billie Eilish/cover.jpg	Billie Eilish-Happier Than Ever.jpg	Billie Eilish	Happier Than Ever	/home/david/Music/Happier Than Ever - Billie Eilish/01 - Billie Eilish - Getting Older.flac
/home/david/Music/Help! (Remastered) - The Beatles/cover.jpg	The Beatles-Help!.jpg	The Beatles	Help!	/home/david/Music/Help! (Remastered) - The Beatles/01 - The Beatles - Help! (Remastered 2009).flac
/home/david/Music/Hotel California (2013 Remaster) - Eagles/cover.jpg	Eagles-Hotel California.jpg	Eagles	Hotel California	/home/david/Music/Hotel California (2013 Remaster) - Eagles/01 - Eagles - Hotel California (2013 Remaster).flac
/home/david/Music/Human - Three Days Grace/cover.jpg	Three Days Grace-Human.jpg	Three Days Grace	Human	/home/david/Music/Human - Three Days Grace/01 - Three Days Grace - Human Race.flac
/home/david/Music/Hybrid Theory (Bonus Edition) - Linkin Park/cover.jpg	Linkin Park-Hybrid Theory.jpg	Linkin Park	Hybrid Theory	/home/david/Music/Hybrid Theory (Bonus Edition) - Linkin Park/01 - Linkin Park - Papercut.flac
/home/david/Music/If You Can Believe Your Eyes & Ears - The Mamas and the Papas/cover.jpg	The Mamas & The Papas-If You Can Believe Your Eyes & Ears.jpg	The Mamas & The Papas	If You Can Believe Your Eyes & Ears	/home/david/Music/If You Can Believe Your Eyes & Ears - The Mamas and the Papas/07 - The Mamas & The Papas - California Dreamin' (Single Version).flac
/home/david/Music/In Search Of The Lost Chord - The Moody Blues/cover.jpg	The Moody Blues-In Search of the Lost Chord.jpg	The Moody Blues	In Search of the Lost Chord	/home/david/Music/In Search Of The Lost Chord - The Moody Blues/01 - The Moody Blues - Departure.flac
/home/david/Music/INSIDE (DELUXE) - Bo Burnham/cover.jpg	Bo Burnham-Inside.jpg	Bo Burnham	Inside	/home/david/Music/INSIDE (DELUXE) - Bo Burnham/Disc 1/01 - Bo Burnham - Content.flac
/home/david/Music/Into the Wild Life (Deluxe) - Halestorm/cover.jpg	Halestorm-Into the Wild Life.jpg	Halestorm	Into the Wild Life	/home/david/Music/Into the Wild Life (Deluxe) - Halestorm/01 - Halestorm - Scream.flac
/home/david/Music/Let It Be (Remastered) - The Beatles/cover.jpg	The Beatles-Let It Be.jpg	The Beatles	Let It Be	/home/david/Music/Let It Be (Remastered) - The Beatles/01 - The Beatles - Two Of Us (Remastered 2009).flac
/home/david/Music/Light Me Up - The Pretty Reckless/cover.jpg	The Pretty Reckless-Light Me Up.jpg	The Pretty Reckless	Light Me Up	/home/david/Music/Light Me Up - The Pretty Reckless/01 - The Pretty Reckless - My Medicine.flac
/home/david/Music/Lights Out - Rick Astley/cover.jpg	Rick Astley-Lights Out.jpg	Rick Astley	Lights Out	/home/david/Music/Lights Out - Rick Astley/01 - Rick Astley - Lights Out.flac
/home/david/Music/LoFi Mix - OSRSBeatz/cover.jpg	OSRSBeatz-Lofi Mix.jpg	OSRSBeatz	Lofi Mix	/home/david/Music/LoFi Mix - OSRSBeatz/01 - OSRSBeatz - Scape Main (LoFi).flac
/home/david/Music/Magical Mystery Tour (Remastered) - The Beatles/cover.jpg	The Beatles-Magical Mystery Tour.jpg	The Beatles	Magical Mystery Tour	/home/david/Music/Magical Mystery Tour (Remastered) - The Beatles/01 - The Beatles - Magical Mystery Tour (Remastered 2009).flac
/home/david/Music/Melophobia - Cage The Elephant/cover.jpg	Cage The Elephant-Melophobia.jpg	Cage The Elephant	Melophobia	/home/david/Music/Melophobia - Cage The Elephant/01 - Cage The Elephant - Spiderhead.flac
/home/david/Music/Meteora - Linkin Park/cover.jpg	Linkin Park-Meteora.jpg	Linkin Park	Meteora	/home/david/Music/Meteora - Linkin Park/01 - Linkin Park - Foreword.flac
/home/david/Music/Multiverse - Purrple Cat/cover.jpg	Purrple Cat-Multiverse.jpg	Purrple Cat	Multiverse	/home/david/Music/Multiverse - Purrple Cat/01 - Purrple Cat - Starseed.flac
/home/david/Music/Music To Be Murdered By - Eminem/cover.jpg	Eminem-Music to Be Murdered By.jpg	Eminem	Music to Be Murdered By	/home/david/Music/Music To Be Murdered By - Eminem/01 - Eminem - Premonition (Intro).flac
/home/david/Music/Neon Pill - Cage The Elephant/cover.jpg	Cage The Elephant-Neon Pill.jpg	Cage The Elephant	Neon Pill	/home/david/Music/Neon Pill - Cage The Elephant/01 - Cage The Elephant - HiFi (True Light).flac
/home/david/Music/NEPO BABY - Emma Blackery/cover.jpg	Emma Blackery-Nepo Baby.jpg	Emma Blackery	Nepo Baby	/home/david/Music/NEPO BABY - Emma Blackery/01 - Emma Blackery - NEPO BABY.flac
/home/david/Music/On Record - April Wine/cover.jpg	April Wine-On Record.jpg	April Wine	On Record	/home/david/Music/On Record - April Wine/02 - April Wine - You Could Have Been a Lady.flac
/home/david/Music/On The Threshold Of A Dream - The Moody Blues/cover.jpg	The Moody Blues-On the Threshold of a Dream.jpg	The Moody Blues	On the Threshold of a Dream	/home/david/Music/On The Threshold Of A Dream - The Moody Blues/01 - The Moody Blues - In The Beginning.flac
/home/david/Music/One-X - Three Days Grace/cover.jpg	Three Days Grace-One-x.jpg	Three Days Grace	One-x	/home/david/Music/One-X - Three Days Grace/01 - Three Days Grace - It's All Over.flac
/home/david/Music/Past Masters (Vols. 1 & 2 _ Remastered) - The Beatles/cover.jpg	The Beatles-Past Masters.jpg	The Beatles	Past Masters	/home/david/Music/Past Masters (Vols. 1 & 2 _ Remastered) - The Beatles/Disc 1/01 - The Beatles - Love Me Do (Single Version _ Remastered 2009).flac
/home/david/Music/Please Please Me (Remastered) - The Beatles/cover.jpg	The Beatles-Please Please Me.jpg	The Beatles	Please Please Me	/home/david/Music/Please Please Me (Remastered) - The Beatles/01 - The Beatles - I Saw Her Standing There (Remastered 2009).flac
/home/david/Music/Post Traumatic - Mike Shinoda/cover.jpg	Mike Shinoda-Post Traumatic.jpg	Mike Shinoda	Post Traumatic	/home/david/Music/Post Traumatic - Mike Shinoda/01 - Mike Shinoda - Place To Start.flac
/home/david/Music/PRISM - Katy Perry/cover.jpg	Katy Perry-Prism.jpg	Katy Perry	Prism	/home/david/Music/PRISM - Katy Perry/01 - Katy Perry - Roar.flac
/home/david/Music/Ram - Paul McCartney/cover.jpg	Paul McCartney-Ram.jpg	Paul McCartney	Ram	/home/david/Music/Ram - Paul McCartney/01 - Paul McCartney - Too Many People.flac
/home/david/Music/Random Access Memories - Daft Punk/cover.jpg	Daft Punk-Random Access Memories.jpg	Daft Punk	Random Access Memories	/home/david/Music/Random Access Memories - Daft Punk/01 - Daft Punk - Give Life Back to Music.flac
/home/david/Music/Recovery - Eminem/cover.jpg	Eminem-Recovery.jpg	Eminem	Recovery	/home/david/Music/Recovery - Eminem/01 - Eminem - Cold Wind Blows.flac
/home/david/Music/Results May Vary - Limp Bizkit/cover.jpg	Limp Bizkit-Results May Vary.jpg	Limp Bizkit	Results May Vary	/home/david/Music/Results May Vary - Limp Bizkit/01 - Limp Bizkit - Re-Entry.flac
/home/david/Music/Revolver (Remastered) - The Beatles/cover.jpg	The Beatles-Revolver.jpg	The Beatles	Revolver	/home/david/Music/Revolver (Remastered) - The Beatles/01 - The Beatles - Taxman (Remastered 2009).flac
/home/david/Music/Ringo - Ringo Starr/cover.jpg	Ringo Starr-Ringo.jpg	Ringo Starr	Ringo	/home/david/Music/Ringo - Ringo Starr/01 - Ringo Starr - I'm The Greatest.flac
/home/david/Music/Rubber Soul (Remastered 2009) - The Beatles/cover.jpg	The Beatles-Rubber Soul.jpg	The Beatles	Rubber Soul	/home/david/Music/Rubber Soul (Remastered 2009) - The Beatles/01 - The Beatles - Drive My Car (Remastered 2009).flac
/home/david/Music/Rumours - Fleetwood Mac/cover.jpg	Fleetwood Mac-Rumours.jpg	Fleetwood Mac	Rumours	/home/david/Music/Rumours - Fleetwood Mac/01 - Fleetwood Mac - Second Hand News (2004 Remaster).flac
/home/david/Music/Seventh Sojourn - The Moody Blues/cover.jpg	The Moody Blues-Seventh Sojourn.jpg	The Moody Blues	Seventh Sojourn	/home/david/Music/Seventh Sojourn - The Moody Blues/01 - The Moody Blues - Lost In A Lost World.flac
/home/david/Music/Sgt. Pepper's Lonely Hearts Club Band (Remastered) - The Beatles/cover.jpg	The Beatles-Sgt. Pepper's Lonely Hearts Club Band.jpg	The Beatles	Sgt. Pepper's Lonely Hearts Club Band	/home/david/Music/Sgt. Pepper's Lonely Hearts Club Band (Remastered) - The Beatles/01 - The Beatles - Sgt. Pepper's Lonely Hearts Club Band (Remastered 2009).flac
/home/david/Music/Smash - The Offspring/cover.jpg	The Offspring-Smash.jpg	The Offspring	Smash	/home/david/Music/Smash - The Offspring/01 - The Offspring - Time to Relax.flac
/home/david/Music/Social Cues - Cage The Elephant/cover.jpg	Cage The Elephant-Social Cues.jpg	Cage The Elephant	Social Cues	/home/david/Music/Social Cues - Cage The Elephant/01 - Cage The Elephant - Broken Boy.flac
/home/david/Music/Sucks to Be You - Emma Blackery/cover.jpg	Emma Blackery-Sucks to Be You.jpg	Emma Blackery	Sucks to Be You	/home/david/Music/Sucks to Be You - Emma Blackery/01 - Emma Blackery - Sucks to Be You.flac
/home/david/Music/Teenage Dirtbag - Wheatus/cover.jpg	Wheatus-Teenage Dirtbag.jpg	Wheatus	Teenage Dirtbag	/home/david/Music/Teenage Dirtbag - Wheatus/01 - Wheatus - Teenage Dirtbag.flac
/home/david/Music/Teenage Dream - Katy Perry/cover.jpg	Katy Perry-Teenage Dream.jpg	Katy Perry	Teenage Dream	/home/david/Music/Teenage Dream - Katy Perry/01 - Katy Perry - Teenage Dream.flac
/home/david/Music/Tell Me Why - Robb Nash/cover.jpg	Robb Nash-Tell Me Why.jpg	Robb Nash	Tell Me Why	/home/david/Music/Tell Me Why - Robb Nash/01 - Robb Nash - One Last Breath.flac
/home/david/Music/The Beatles (White Album)/cover.jpg	The Beatles-The Beatles (white Album).jpg	The Beatles	The Beatles (white Album)	/home/david/Music/The Beatles (White Album)/The Beatles (White Album) [Disc 1]/01 Back In The U.S.S.R..mp3
/home/david/Music/THE E.N.D. (THE ENERGY NEVER DIES) - Black Eyed Peas/cover.jpg	Black Eyed Peas-The E.N.D.jpg	Black Eyed Peas	The E.N.D.	/home/david/Music/THE E.N.D. (THE ENERGY NEVER DIES) - Black Eyed Peas/01 - Black Eyed Peas - Boom Boom Pow.flac
/home/david/Music/The Eminem Show - Eminem/cover.jpg	Eminem-The Eminem Show.jpg	Eminem	The Eminem Show	/home/david/Music/The Eminem Show - Eminem/01 - Eminem - Curtains Up (Skit).flac
/home/david/Music/The Rising Tied (Deluxe Edition) - Fort Minor/cover.jpg	Fort Minor-The Rising Tied.jpg	Fort Minor	The Rising Tied	/home/david/Music/The Rising Tied (Deluxe Edition) - Fort Minor/01 - Fort Minor - Introduction.flac
/home/david/Music/The Sound of Madness - Shinedown/cover.jpg	Shinedown-The Sound of Madness.jpg	Shinedown	The Sound of Madness	/home/david/Music/The Sound of Madness - Shinedown/01 - Shinedown - Devour.flac
/home/david/Music/The Strange Case of... (Deluxe) - Halestorm/cover.jpg	Halestorm-The Strange Case Of.jpg	Halestorm	The Strange Case Of...	/home/david/Music/The Strange Case of... (Deluxe) - Halestorm/01 - Halestorm - Love Bites (So Do I).flac
/home/david/Music/The Traveling Wilburys, Vol. 1 - The Traveling Wilburys/cover.jpg	The Traveling Wilburys-The Traveling Wilburys, Vol. 1.jpg	The Traveling Wilburys	The Traveling Wilburys, Vol. 1	/home/david/Music/The Traveling Wilburys, Vol. 1 - The Traveling Wilburys/01 - The Traveling Wilburys - Handle With Care.flac
/home/david/Music/The Wall - Pink Floyd/cover.jpg	Pink Floyd-The Wall.jpg	Pink Floyd	The Wall	/home/david/Music/The Wall - Pink Floyd/Disc 1/01 - Pink Floyd - In the Flesh_.m4a
/home/david/Music/Them Vs. You Vs. Me (Deluxe Edition) - finger eleven/cover.jpg	finger eleven-Them Vs. You Vs. Me.jpg	finger eleven	Them Vs. You Vs. Me	/home/david/Music/Them Vs. You Vs. Me (Deluxe Edition) - finger eleven/01 - finger eleven - Paralyzer.flac
/home/david/Music/Threat to Survival - Shinedown/cover.jpg	Shinedown-Threat to Survival.jpg	Shinedown	Threat to Survival	/home/david/Music/Threat to Survival - Shinedown/01 - Shinedown - Asking for It.flac
/home/david/Music/Three Days Grace (Expanded Edition) - Three Days Grace/cover.jpg	Three Days Grace-Three Days Grace.jpg	Three Days Grace	Three Days Grace	/home/david/Music/Three Days Grace (Expanded Edition) - Three Days Grace/01 - Three Days Grace - Burn.flac
/home/david/Music/Total Life Forever - Foals/cover.jpg	Foals-Total Life Forever.jpg	Foals	Total Life Forever	/home/david/Music/Total Life Forever - Foals/05 - Foals - Spanish Sahara.flac
/home/david/Music/Ugly is Beautiful - Oliver Tree/cover.jpg	Oliver Tree-Ugly Is Beautiful.jpg	Oliver Tree	Ugly Is Beautiful	/home/david/Music/Ugly is Beautiful - Oliver Tree/01 - Oliver Tree - Me, Myself & I.flac
/home/david/Music/Villains - Emma Blackery/cover.jpg	Emma Blackery-Villains.jpg	Emma Blackery	Villains	/home/david/Music/Villains - Emma Blackery/01 - Emma Blackery - Villains, Pt. 1.flac
/home/david/Music/What. - Bo Burnham/cover.jpg	Bo Burnham-What.jpg	Bo Burnham	What.	/home/david/Music/What. - Bo Burnham/01 - Bo Burnham - Intro.flac
/home/david/Music/With The Beatles/cover.jpg	The Beatles-With the Beatles.jpg	The Beatles	With the Beatles	/home/david/Music/With The Beatles/01 It Won't Be Long.mp3
/home/david/Music/Zelda & Chill - MikEL/cover.jpg	MikEL-Zelda & Chill.jpg	MikEL	Zelda & Chill	/home/david/Music/Zelda & Chill - MikEL/01 - MikEL - Fairy Fountain.flac
/home/david/Music/Light It Up - Rev Theory/cover.jpg	Rev Theory-Light It Up.jpg	Rev Theory	Light It Up	/home/david/Music/Light It Up - Rev Theory/01 - Rev Theory - Hell Yeah.flac
/home/david/Music/Every Six Seconds - Saliva/cover.jpg	Saliva-Every Six Seconds.jpg	Saliva	Every Six Seconds	/home/david/Music/Every Six Seconds - Saliva/01 - Saliva - Superstar.flac
/home/david/Music/Back Into Your System - Saliva/cover.jpg	Saliva-Back Into Your System.jpg	Saliva	Back Into Your System	/home/david/Music/Back Into Your System - Saliva/01 - Saliva - Superstar II.flac
/home/david/Music/Thank You Happy Birthday - Cage The Elephant/cover.jpg	Cage The Elephant-Thank You Happy Birthday.jpg	Cage The Elephant	Thank You Happy Birthday	/home/david/Music/Thank You Happy Birthday - Cage The Elephant/01 - Cage The Elephant - Always Something.flac
/home/david/Music/Cage The Elephant (Expanded Edition) - Cage The Elephant/cover.jpg	Cage The Elephant-Cage the Elephant.jpg	Cage The Elephant	Cage the Elephant	/home/david/Music/Cage The Elephant (Expanded Edition) - Cage The Elephant/01 - Cage The Elephant - In One Ear.flac
/home/david/Music/Halestorm (Deluxe) - Halestorm/cover.jpg	Halestorm-Halestorm.jpg	Halestorm	Halestorm	/home/david/Music/Halestorm (Deluxe) - Halestorm/01 - Halestorm - It's Not You.flac
/home/david/Music/Back From the Dead - Halestorm/cover.jpg	Halestorm-Back From the Dead.jpg	Halestorm	Back From the Dead	/home/david/Music/Back From the Dead - Halestorm/01 - Halestorm - Back From The Dead.flac
/home/david/Music/In Loving Memory Of - 20th Anniversary Special Edition - Big Wreck/cover.jpg	Big Wreck-In Loving Memory of - 20th Anniversary Special Edition.jpg	Big Wreck	In Loving Memory of - 20th Anniversary Special Edition	/home/david/Music/In Loving Memory Of - 20th Anniversary Special Edition - Big Wreck/01 - Big Wreck - The Oaf.flac
/home/david/Music/The Division Bell - Pink Floyd/cover.jpg	Pink Floyd-The Division Bell.jpg	Pink Floyd	The Division Bell	/home/david/Music/The Division Bell - Pink Floyd/01 - Pink Floyd - Cluster One.flac
/home/david/Music/Animals - Pink Floyd/cover.jpg	Pink Floyd-Animals.jpg	Pink Floyd	Animals	/home/david/Music/Animals - Pink Floyd/01 - Pink Floyd - Pigs on the Wing 1.flac
/home/david/Music/Led Zeppelin IV (Deluxe Edition) - Led Zeppelin/cover.jpg	Led Zeppelin-Led Zeppelin Iv.jpg	Led Zeppelin	Led Zeppelin Iv	/home/david/Music/Led Zeppelin IV (Deluxe Edition) - Led Zeppelin/Disc 1/01 - Led Zeppelin - Black Dog (Remaster).flac
/home/david/Music/Boston - BosTon/cover.jpg	BosTon-Boston.jpg	BosTon	Boston	/home/david/Music/Boston - BosTon/01 - BosTon - More Than a Feeling.flac
/home/david/Music/LIVING THINGS - Linkin Park/cover.jpg	Linkin Park-Living Things.jpg	Linkin Park	Living Things	/home/david/Music/LIVING THINGS - Linkin Park/01 - Linkin Park - LOST IN THE ECHO.flac
/home/david/Music/Concrete and Gold - Foo Fighters/cover.jpg	Foo Fighters-Concrete and Gold.jpg	Foo Fighters	Concrete and Gold	/home/david/Music/Concrete and Gold - Foo Fighters/01 - Foo Fighters - T-Shirt.flac
/home/david/Music/Planet Zero - Shinedown/cover.jpg	Shinedown-Planet Zero.jpg	Shinedown	Planet Zero	/home/david/Music/Planet Zero - Shinedown/01 - Shinedown - 2184.flac
/home/david/Music/Blood Sugar Sex Magik (Deluxe Edition) - Red Hot Chili Peppers/cover.jpg	Red Hot Chili Peppers-Blood Sugar Sex Magik.jpg	Red Hot Chili Peppers	Blood Sugar Sex Magik	/home/david/Music/Blood Sugar Sex Magik (Deluxe Edition) - Red Hot Chili Peppers/01 - Red Hot Chili Peppers - The Power of Equality.flac
/home/david/Music/Return of the Dream Canteen - Red Hot Chili Peppers/cover.jpg	Red Hot Chili Peppers-Return of the Dream Canteen.jpg	Red Hot Chili Peppers	Return of the Dream Canteen	/home/david/Music/Return of the Dream Canteen - Red Hot Chili Peppers/01 - Red Hot Chili Peppers - Tippa My Tongue.flac
/home/david/Music/Stadium Arcadium (2014 Remaster) - Red Hot Chili Peppers/cover.jpg	Red Hot Chili Peppers-Stadium Arcadium.jpg	Red Hot Chili Peppers	Stadium Arcadium	/home/david/Music/Stadium Arcadium (2014 Remaster) - Red Hot Chili Peppers/01 - Red Hot Chili Peppers - Dani California (2014 Remaster).flac
/home/david/Music/Scripted - Icon For Hire/cover.jpg	Icon For Hire-Scripted.jpg	Icon For Hire	Scripted	/home/david/Music/Scripted - Icon For Hire/01 - Icon For Hire - Overture.flac
/home/david/Music/Cloud Nine - George Harrison/cover.jpg	George Harrison-Cloud Nine.jpg	George Harrison	Cloud Nine	/home/david/Music/Cloud Nine - George Harrison/01 - George Harrison - Cloud Nine.flac
/home/david/Music/Pendulum - Creedence Clearwater Revival/cover.jpg	Creedence Clearwater Revival-Pendulum.jpg	Creedence Clearwater Revival	Pendulum	/home/david/Music/Pendulum - Creedence Clearwater Revival/01 - Creedence Clearwater Revival - Pagan Baby.flac
/home/david/Music/You Can't Kill Us - Icon For Hire/cover.jpg	Icon For Hire-You Can't Kill Us.jpg	Icon For Hire	You Can't Kill Us	/home/david/Music/You Can't Kill Us - Icon For Hire/01 - Icon For Hire - Supposed To Be.flac
/home/david/Music/HIT ME HARD AND SOFT - Billie Eilish/cover.jpg	Billie Eilish-Hit Me Hard and Soft.jpg	Billie Eilish	Hit Me Hard and Soft	/home/david/Music/HIT ME HARD AND SOFT - Billie Eilish/01 - Billie Eilish - SKINNY.flac
/home/david/Music/Bu-ikikaesu - Maximum The Hormone/cover.jpg	Maximum The Hormone-Bu-ikikaesu.jpg	Maximum The Hormone	Bu-ikikaesu	/home/david/Music/Bu-ikikaesu - Maximum The Hormone/02 - Maximum The Hormone - Zetsubou Billy.flac
/home/david/Music/Riptide - Veronicavon/cover.jpg	veronicavon-Riptide.jpg	veronicavon	Riptide	/home/david/Music/Riptide - Veronicavon/01 - veronicavon - Riptide.flac
/home/david/Music/Lonerism - Tame Impala/cover.jpg	Tame Impala-Lonerism.jpg	Tame Impala	Lonerism	/home/david/Music/Lonerism - Tame Impala/01 - Be Above It.flac
/home/david/Music/Selling England by the Pound - Genesis/Cover.jpg	Genesis-Selling England by the Pound.jpg	Genesis	Selling England by the Pound	/home/david/Music/Selling England by the Pound - Genesis/01 - Genesis - Dancing With the Moonlit Knight.flac
/home/david/Music/hopeless fountain kingdom (Deluxe Plus) - Halsey/cover.jpg	Halsey-Hopeless Fountain Kingdom.jpg	Halsey	Hopeless Fountain Kingdom	/home/david/Music/hopeless fountain kingdom (Deluxe Plus) - Halsey/01 - Halsey - The Prologue.flac
/home/david/Music/Supernatural (Remastered) - Santana/cover.jpg	Santana-Supernatural.jpg	Santana	Supernatural	/home/david/Music/Supernatural (Remastered) - Santana/01 - Santana - (Da Le) Yaleo.flac
/home/david/Music/The Marshall Mathers LP - Eminem/cover.jpg	Eminem-The Marshall Mathers Lp.jpg	Eminem	The Marshall Mathers Lp	/home/david/Music/The Marshall Mathers LP - Eminem/01 - Eminem - Public Service Announcement 2000.flac
/home/david/Music/OK ORCHESTRA - AJR/cover.jpg	AJR-OK ORCHESTRA.jpg	AJR	OK ORCHESTRA	/home/david/Music/OK ORCHESTRA - AJR/01. AJR - OK Overture.flac
/home/david/Music/Paramore - 2013 - Paramore/folder.jpg	Paramore-Paramore.jpg	Paramore	Paramore	/home/david/Music/Paramore - 2013 - Paramore/01 - Fast in My Car.flac
/home/david/Music/Riot - Paramore/Cover.jpg	Paramore-Riot! (Deluxe Edition).jpg	Paramore	Riot! (Deluxe Edition)	/home/david/Music/Riot - Paramore/01. Paramore - For a Pessimist, I'm Pretty Optimistic.flac
/home/david/Music/Currents - Tame Impala/cover.jpg	Tame Impala-Currents.jpg	Tame Impala	Currents	/home/david/Music/Currents - Tame Impala/01 - Tame Impala - Let It Happen.flac
/home/david/Music/Cowboy Tears - Oliver Tree/cover.jpg	Oliver Tree-Cowboy Tears.jpg	Oliver Tree	Cowboy Tears	/home/david/Music/Cowboy Tears - Oliver Tree/01 - Oliver Tree - Cowboys Don’t Cry.flac
/home/david/Music/Not Fragile - Bachman-Turner Overdrive/cover.jpg	Bachman-Turner Overdrive-Not Fragile.jpg	Bachman-Turner Overdrive	Not Fragile	/home/david/Music/Not Fragile - Bachman-Turner Overdrive/01 - Bachman-Turner Overdrive - Not Fragile.flac
/home/david/Music/Bachman-Turner Overdrive II - Bachman-Turner Overdrive/cover.jpg	Bachman-Turner Overdrive-Bachman-Turner Overdrive II.jpg	Bachman-Turner Overdrive	Bachman-Turner Overdrive II	/home/david/Music/Bachman-Turner Overdrive II - Bachman-Turner Overdrive/01 - Bachman-Turner Overdrive - Blown.flac
/home/david/Music/Billy Talent - Billy Talent/cover.jpg	Billy Talent-Billy Talent.jpg	Billy Talent	Billy Talent	/home/david/Music/Billy Talent - Billy Talent/01 - Billy Talent - This Is How It Goes.flac
/home/david/Music/A Toot In an Snore in 74'/cover.jpg	John Lennon & Paul McCartney-A Toot and a Snore in '74.jpg	John Lennon & Paul McCartney	A Toot and a Snore in '74	/home/david/Music/A Toot In an Snore in 74'/01 A Toot and a Snore.mp3
/home/david/Music/She's THAT! - Emma Blackery/cover.jpg	Emma Blackery-She's THAT!.jpg	Emma Blackery	She's THAT!	/home/david/Music/She's THAT! - Emma Blackery/She's THAT!.mp3
/home/david/Music/Ramones - Ramones (40th Anniversary Deluxe Edition 2016 Remaster) flac 16-44 78song/cover.jpg	Ramones-Ramones (40th Anniversary Deluxe Edition; 2016 Remaster).jpg	Ramones	Ramones (40th Anniversary Deluxe Edition; 2016 Remaster)	/home/david/Music/Ramones - Ramones (40th Anniversary Deluxe Edition 2016 Remaster) flac 16-44 78song/01 Ramones - Blitzkrieg Bop  (2016 Remaster).flac
