# page	id	name	cost	type	member	max_quantity
2	84	Bamboo Torch	200	1	1	99
2	167	Large House Plant	200	1	1	99
2	331	Red Couch	500	1	1	99
2	370	Garden	200	1	1	99
2	391	Easel	180	1	1	99
2	424	Steering Wheel	300	1	1	99
2	544	Tropical Palm	300	1	1	99
2	626	Potted Palm	280	1	1	99
2	809	Ancient Archway	600	1	1	99
2	815	Cavern Chair	350	1	1	99
2	819	Mannequin	200	1	1	99
2	834	Jungle Bloom	175	1	1	99
2	835	Jungle Fern	150	1	1	99
2	836	Jungle Flora	150	1	1	99
2	838	Acacia Tree	350	1	1	99
2	839	Desert Stones	100	1	1	99
3	229	Koi Pond	450	1	1	99
3	345	Snake Grass	140	1	1	99
3	574	Giraffe	450	1	1	99
3	840	Hippopotamus	400	1	1	99
3	841	Zebra	400	1	1	99
4	94	Green Vase	350	1	1	99
4	96	Green Couch	500	1	1	99
4	97	Green Plush Chair	300	1	1	99
4	344	Ficus Plant	320	1	1	99
4	368	Picket Fence	100	1	1	99
4	837	Watering Hole	500	3	1	99
5	1150	Custom Furniture	475	1	1	99
5	1151	Custom Furniture	475	1	1	99
5	1152	Custom Furniture	475	1	1	99
5	1153	Custom Furniture	475	1	1	99
5	1154	Custom Furniture	475	1	1	99
5	1155	Custom Furniture	475	1	1	99
5	1156	Custom Furniture	475	1	1	99
5	1157	Custom Furniture	475	1	1	99
5	1158	Custom Furniture	475	1	1	99
5	1159	Custom Furniture	475	1	1	99
5	1160	Custom Furniture	475	1	1	99
5	1161	Custom Furniture	475	1	1	99
5	1162	Custom Furniture	475	1	1	99
5	1163	Custom Furniture	475	1	1	99
5	1164	Custom Furniture	475	1	1	99
5	1165	Custom Furniture	350	2	1	99
5	1166	Custom Furniture	350	2	1	99
5	1167	Custom Furniture	350	2	1	99
5	1168	Custom Furniture	350	2	1	99
5	1169	Custom Furniture	350	2	1	99
5	1170	Custom Furniture	350	2	1	99
5	1171	Custom Furniture	350	2	1	99
5	1172	Custom Furniture	350	2	1	99
5	1173	Custom Furniture	350	2	1	99
5	1174	Custom Furniture	350	2	1	99
5	1175	Custom Furniture	350	2	1	99
5	1176	Custom Furniture	350	2	1	99
5	1177	Custom Furniture	350	2	1	99
5	1178	Custom Furniture	350	2	1	99
5	1179	Custom Furniture	350	2	1	99
5	1181	Custom Furniture	200	3	1	99
5	1182	Custom Furniture	200	3	1	99
5	1183	Custom Furniture	200	3	1	99
5	1184	Custom Furniture	200	3	1	99
5	1185	Custom Furniture	200	3	1	99
5	1186	Custom Furniture	200	3	1	99
5	1187	Custom Furniture	200	3	1	99
5	1188	Custom Furniture	200	3	1	99
5	1189	Custom Furniture	200	3	1	99
5	1190	Custom Furniture	200	3	1	99
5	1191	Custom Furniture	200	3	1	99
5	1192	Custom Furniture	200	3	1	99
5	1193	Custom Furniture	200	3	1	99
5	1194	Custom Furniture	200	3	1	99
5	1195	Custom Furniture	200	3	1	99
6	825	Fuzzy Green Couch	500	1	1	99
6	826	Happy Lantern	175	2	1	99
6	827	Laughing Lantern	175	2	1	99
6	828	Grumpy Lantern	175	2	1	99
6	829	Cheeky Lantern	175	2	1	99
6	832	Fuzzy Blue Couch	500	1	1	99
6	833	Fuzzy Purple Couch	500	1	1	99
7	330	Red Coffee Table	300	1	1	99
7	332	Red Plush Chair	300	1	1	99
7	333	Red Bookcase	450	1	1	99
7	334	Red Beanbag Chair	350	1	1	99
7	830	Puffle Rug	200	3	1	99
7	831	Puffle Tubes	100	1	1	99
8	158	Sunset Painting	600	2	1	99
8	357	Starry Night Painting	520	2	1	99
8	560	Window	600	2	1	99
8	625	Spikey Plant	230	1	1	99
8	629	Evergreen Plant	240	1	1	99
9	701	Mossy Log	300	1	1	99
9	722	Swinging Vines	200	2	1	99
9	814	Cavern Couch	450	1	1	99
9	816	Dinosaur Skull	500	1	1	99
9	817	Dinosaur Bones	250	1	1	99
10	312	Pirate Ship	525	1	1	99
10	372	Waves	75	1	1	99
10	425	Desert Island	850	1	1	99
10	632	Wall Rack	350	2	1	99
10	633	Clothes Rack	400	1	1	99
10	821	Violet Velvet Rope	160	1	1	99
11	634	Penguin Mannequin	275	1	1	99
11	818	Sewing Table	450	1	1	99
11	820	Catwalk	575	1	1	99
11	822	Judge's Table	300	1	1	99
11	823	Judge's Chair	200	1	1	99
11	824	Fashion Show Boxes	350	1	1	99
12	807	Tidal Pools	400	1	1	99
12	808	Sea Stones	200	1	1	99
12	810	Treasure Chest	250	1	1	99
12	811	Sunken Pillar	350	1	1	99
12	812	Sunken Wall	425	1	1	99
12	813	Sunken Arch	450	1	1	99
13	72	Barbecue	450	1	1	99
13	77	Beach Umbrella	130	1	1	99
13	78	Beach Ball	110	1	1	99
13	79	Inflatable Whale	190	1	1	99
13	420	Life Ring	120	2	1	99
13	691	Crystals	550	1	1	99
13	700	Hanging Moss	150	2	1	99
