# page	kind	id	name	cost
2	floor	1	Terracotta Tile	680
2	floor	11	Blue Turf	530
2	floor	16	Dark Stone Tile	800
2	floor	19	Sunny Sky Floor	530
2	floor	23	Woven Rice Mat	750
3	building	5	Secret Stone Igloo	2000
3	floor	0	Floor Removal	20
3	floor	2	Maple Hardwood	620
3	floor	4	Burgundy Carpet	530
3	floor	7	Dance Floor	1000
3	floor	15	Black Carpet	530
4	building	11	Log Cabin	4100
4	building	49	Shipwreck Igloo	900
5	building	15	Snowglobe	3700
5	building	42	Trick-or-Treat Igloo	2000
6	building	23	Ship Igloo	4300
6	building	38	Shadowy Keep	1800
6	building	39	Dragon's Lair	3000
7	building	16	Ice Castle	2400
7	building	22	Pink Ice Palace	2400
7	building	33	Grey Ice Castle	2400
8	building	13	Split Level Igloo	4600
8	building	37	In Half Igloo	2300
9	building	2	Candy Igloo	1500
9	building	14	Candy Split Level Igloo	4600
10	building	6	Snow Igloo	1000
10	building	8	Secret Deluxe Stone Igloo	5000
10	building	9	Deluxe Snow Igloo	3000
