# id	name	cost	type	member	max_quantity
1	Pink Chair	200	1	1	99
2	Pink Beanbag Chair	350	1	1	99
3	Pink Table	300	1	1	99
4	Pink Dresser	350	1	1	99
5	Pink Lamp	75	1	1	99
6	Pink Sofa	500	1	1	99
10	Log Chair	200	1	1	99
11	Log Bench	500	1	1	99
12	Log Drawers	250	1	1	99
13	Log Stump	50	1	1	99
14	Log Table	200	1	1	99
21	Blue Chair	200	1	1	99
22	Blue Bench	500	1	1	99
23	Blue Bookshelf	450	1	1	99
24	Blue Table	300	1	1	99
25	Blue Deck Chair	400	1	1	99
26	Blue Lamp	100	1	1	99
31	Spiral Coffee Tree	400	1	1	99
32	Coffee Couch	500	1	1	99
33	Coffee Table	250	1	1	99
34	Java Bag	120	1	1	99
41	Book Room Couch	600	1	1	99
42	Book Room Lamp	250	1	1	99
43	Book Room Arm Chair	560	1	1	99
46	Dinner Table	700	1	1	99
47	Dinner Chair	150	1	1	99
51	Snow Chair	150	1	1	99
52	Snow Couch	300	1	1	99
53	Snow Clump	40	1	1	99
54	Ice Table	350	1	1	99
55	Penguin Ice Sculpture	850	1	1	99
56	Snow Deck Chair	400	1	1	99
57	Ice Sculpture Knight	900	1	1	99
58	Snowman	405	1	1	99
59	Sled	350	1	1	99
61	Princess Armoire	700	1	1	99
62	Princess Vanity	600	1	1	99
63	Princess Throne	500	1	1	99
65	Mermaid Vanity	735	1	1	99
66	Shell Chair	550	1	1	99
67	Mermaid Clock	350	2	1	99
71	Fridge	700	1	1	99
72	Barbecue	450	1	1	99
73	Electric Stove	650	1	1	99
74	Pantry	410	1	1	99
75	Kitchen Sink	380	1	1	99
76	Folding Chair	180	1	1	99
77	Beach Umbrella	130	1	1	99
78	Beach Ball	110	1	1	99
79	Inflatable Whale	190	1	1	99
80	Inflatable Dragon	190	1	1	99
81	Bamboo Couch	500	1	1	99
82	Bamboo Chair	200	1	1	99
83	Bamboo Table	250	1	1	99
84	Bamboo Torch	200	1	1	99
85	Palm Tree	450	1	1	99
91	Green Plastic Chair	200	1	1	99
92	Green Bench	500	1	1	99
93	Green Bookcase	450	1	1	99
94	Green Vase	350	1	1	99
95	Green Deck Chair	400	1	1	99
96	Green Couch	500	1	1	99
97	Green Plush Chair	300	1	1	99
99	Superhero Stage Poster	75	2	1	99
100	Moose Head	2000	2	1	99
101	Aquarium	500	1	1	99
102	Speaker	150	1	1	99
103	Large Cactus	400	1	1	99
104	Small Cactus	200	1	1	99
105	Wood Cabinet	500	1	1	99
106	Mona Lisa	3000	2	1	99
107	Recycle Bin	50	1	1	99
108	Welcome Mat	75	3	1	99
109	Big Screen TV	5000	1	1	99
110	Tombstone	300	1	1	99
111	Happy Jack-O-Lantern	250	1	1	99
112	Goofy Jack-O-Lantern	250	1	1	99
113	Sad Jack-O-Lantern	250	1	1	99
114	Spider Web	75	2	1	99
115	Silly Jack-O-Lantern	250	1	1	99
116	Puffle Jack-O-Lantern	250	1	1	99
117	Cauldron	630	1	1	99
118	Pipe Organ	600	1	1	99
119	Candelabra	650	1	1	99
120	Pumpkin Lights	100	2	1	99
130	Large Christmas Tree	700	1	1	99
131	Christmas Wreath	150	2	1	99
132	Fireplace	900	2	1	99
133	Small Christmas Tree	400	1	1	99
134	Holiday Lights	30	2	1	99
135	Giant Candy Cane	100	1	1	99
136	Wood Stove	900	2	1	99
137	Candle	120	1	1	99
138	Nutcracker	950	1	1	99
139	Door Garland	750	2	1	99
140	Presents	400	1	1	99
143	Plush Gray Chair	560	1	1	99
144	Watering Can	105	1	1	99
145	Rare Flower Pot	300	1	1	99
146	Wood Bench	480	1	1	99
147	Fan	200	1	1	99
148	Lamp	125	1	1	99
149	Pinata	300	1	1	99
150	Red Lava Lamp	450	1	1	99
151	Oval Rug	400	3	1	99
152	Rectangle Rug	500	3	1	99
153	Coat Rack	200	1	1	99
154	Grandfather Clock	600	1	1	99
155	Modern Art	550	1	1	99
156	Teddy Bear	200	1	1	99
157	Student Desk	125	1	1	99
158	Sunset Painting	600	2	1	99
159	LCD Television	2500	2	1	99
160	Green Rug	500	3	1	99
161	Green Oval Rug	550	3	1	99
162	Small House Plant	200	1	1	99
163	Party Fountian	450	1	1	99
164	Stereo	650	1	1	99
165	Wooden Crate	50	1	1	99
166	Mullet Fish	600	2	1	99
167	Large House Plant	200	1	1	99
168	Wall Clock	450	2	1	99
169	Mexican Rug	550	3	1	99
170	Pink Balloon	15	1	1	99
171	Blue Balloon	15	1	1	99
172	Yellow Balloon	15	1	1	99
173	Red Balloon	15	1	1	99
174	Green Balloon	15	1	1	99
175	Party Banner	50	2	1	99
176	Birthday Cake	100	1	1	99
177	Dance Floor	500	3	1	99
178	Jukebox	775	1	1	99
180	Umbrella Table	380	1	1	99
181	White Plastic Chair	200	1	1	99
182	Lounging Deck Chair	350	1	1	99
183	Surf Beach Towel	250	3	1	99
184	Curved Desk	500	1	1	99
185	Classroom Desk	75	1	1	99
186	Wall Chalkboard	410	2	1	99
187	Classroom Chair	75	1	1	99
200	Blue Bed	250	1	1	99
201	Pink Bed	250	1	1	99
202	Gray Bed	250	1	1	99
203	Green Bed	250	1	1	99
204	Gray Puffle House	500	1	1	99
205	Brown Puffle House	500	1	1	99
206	Pink Puffle House	500	1	1	99
207	Blue Puffle House	500	1	1	99
208	Green Puffle House	500	1	1	99
209	Purple Puffle House	500	1	1	99
210	Small Scratching Post	150	1	1	99
211	Large Scratching Post	250	1	1	99
212	Water Dish	50	1	1	99
213	Fish Bowl	200	1	1	99
214	Water Bottle	50	1	1	99
215	Running Wheel	150	1	1	99
216	Turtle Bowl	250	1	1	99
217	Bird Cage	350	1	1	99
218	Puffle Tree	220	1	1	99
219	Puffle Tent	460	1	1	99
220	Puffle Condo	280	1	1	99
221	Purple Bed	250	1	1	99
222	Red Bed	250	1	1	99
223	Red Puffle House	500	1	1	99
224	Scratch Tower	350	1	1	99
225	Double Dish	80	1	1	99
226	Puffle Igloo	400	1	1	99
227	Yellow Bed	250	1	1	99
228	Yellow Puffle House	500	1	1	99
229	Koi Pond	450	1	1	99
230	Green Birdhouse	200	2	1	99
231	Blue Birdhouse	170	2	1	99
232	White Bed	250	1	1	99
233	White Puffle House	500	1	1	99
250	Barrel	320	1	1	99
251	Piano	900	1	1	99
252	Piano Bench	200	1	1	99
253	Single Wall Light	80	2	1	99
254	Double Wall Light	150	2	1	99
260	Toy Train	180	1	1	99
261	Chalk Board	260	1	1	99
270	Purple Plastic Chair	200	1	1	99
271	Purple Plastic Lawn Chair	400	1	1	99
272	Purple Beanbag Chair	350	1	1	99
273	Purple Coffee Table	300	1	1	99
274	Purple Lava Lamp	450	1	1	99
275	Purple Couch	500	1	1	99
280	Snowboard Rack	600	2	1	99
281	Dart Board	200	2	1	99
282	Ski Rack	550	2	1	99
283	Red CP Banner	170	2	1	99
284	Blue CP Banner	170	2	1	99
285	Straight Racetrack Piece	80	3	1	99
286	Curved Racetrack Piece	120	3	1	99
287	Badminton Net	700	1	1	99
288	Bench	200	1	1	99
289	Cricket Wickets	225	1	1	99
290	Basketball Net	320	2	1	99
291	Score Board	520	2	1	99
292	Hockey Net	360	1	1	99
293	Weight Bench	680	1	1	99
294	Treadmill	400	1	1	99
295	Pommel Horse	220	1	1	99
296	Red Gym Mat	100	3	1	99
297	Blue Gym Mat	100	3	1	99
298	Red Biscuit Tube	120	1	1	99
299	Court Lines	260	3	1	99
300	Exercise Ball	60	1	1	99
301	Exercise Bike	350	1	1	99
302	Home Plate	150	3	1	99
303	Base	100	3	1	99
304	Globe	350	1	1	99
305	Treasure Chest	800	1	1	99
306	Ship In A Bottle	355	2	1	99
307	Pink Flamingo	100	1	1	99
308	Porthole	160	2	1	99
309	Captain's Wheel	210	2	1	99
310	Wall Map	250	2	1	99
311	Old Penguin Monument	600	1	1	99
312	Pirate Ship	525	1	1	99
313	Jolly Roger Flag	200	2	1	99
314	Camping Chair	250	1	1	99
315	Picnic Table	800	1	1	99
316	Lanterns	175	2	1	99
317	Fire Pit	200	1	1	99
330	Red Coffee Table	300	1	1	99
331	Red Couch	500	1	1	99
332	Red Plush Chair	300	1	1	99
333	Red Bookcase	450	1	1	99
334	Red Beanbag Chair	350	1	1	99
335	Plastic Deck Chair	400	1	1	99
336	Terracotta Sun	400	2	1	99
337	Terracotta Pot	300	1	1	99
338	Terracotta Pitcher	300	1	1	99
339	Terracotta Vase	300	1	1	99
340	Mexican Vase	320	1	1	99
341	Medieval Banner	105	2	1	99
342	Wall Torch	85	2	1	99
343	Royal Throne	750	1	1	99
344	Ficus Plant	320	1	1	99
345	Snake Grass	140	1	1	99
346	Flower Planter	260	1	1	99
347	Vacuum	280	1	1	99
348	Broom	30	1	1	99
349	Mop & Bucket	50	1	1	99
350	Drum Kit	760	1	1	99
351	Shoe Rack	120	1	1	99
352	CD Rack	150	1	1	99
353	Microphone	200	1	1	99
354	DJ Table	800	1	1	99
355	Concert Lights	650	2	1	99
356	Pop Art Painting	450	2	1	99
357	Starry Night Painting	520	2	1	99
358	Cooler	360	1	1	99
359	Pink Plastic Castle	315	1	1	99
360	Clam	305	1	1	99
361	Sea Weed	265	1	1	99
362	Inflatable Chair	275	1	1	99
363	Inflatable Sofa	400	1	1	99
364	Security Camera	150	2	1	99
365	Blender	220	1	1	99
366	Ferris Wheel Chair	760	1	1	99
367	Circus Ball	170	1	1	99
368	Picket Fence	100	1	1	99
369	Penguin Gnome	220	1	1	99
370	Garden	200	1	1	99
371	Wheelbarrow	480	1	1	99
372	Waves	75	1	1	99
373	Orange Banner	200	2	1	99
374	Green Banner	200	2	1	99
375	Purple Banner	200	2	1	99
376	Regal Chair	500	1	1	99
377	Chess Castle	150	1	1	99
378	Chess Knight	150	1	1	99
390	Cash Register	200	1	1	99
391	Easel	180	1	1	99
392	Penguin Band Poster	75	2	1	99
393	Orange Inflatable Sofa	400	1	1	99
394	Orange Inflatable Chair	275	1	1	99
400	Zeus Stage Poster	75	2	1	99
401	Peppy Stage Poster	75	2	1	99
402	Tate Stage Poster	75	2	1	99
403	Space Stage Poster	75	2	1	99
410	Harp	840	1	1	99
411	Disco Ball	350	2	1	99
412	Music Stand	250	1	1	99
413	Guitar Stand	300	1	1	99
414	Band Stage	800	3	1	99
415	Quarter Note	120	2	1	99
416	Eighth Note	120	2	1	99
417	Treble Clef	120	2	1	99
418	Wall Speaker	800	2	1	99
420	Life Ring	120	2	1	99
421	Wall Net	425	2	1	99
422	Rockhopper Portrait	1100	2	1	99
423	Lifeboat	430	1	1	99
424	Steering Wheel	300	1	1	99
425	Desert Island	850	1	1	99
426	Coins For Change Banner	100	2	1	99
430	Stainless Steel Stove	700	1	1	99
431	Stainless Steel Fridge	750	1	1	99
432	Corner Booth Seat	700	1	1	99
433	Straight Booth Seat	400	1	1	99
434	Coffee Maker	360	1	1	99
435	Pizza Oven	850	1	1	99
440	Popcorn Machine	1000	1	1	99
441	Ticket Booth	580	1	1	99
442	Red Carpet	200	3	1	99
443	Velvet Rope	160	1	1	99
444	Blue Curtain	350	2	1	99
450	Laboratory Desk	700	1	1	99
451	Overhead Light	100	2	1	99
452	Plasma Ball	550	1	1	99
453	Seismograph	200	1	1	99
454	Control Terminal	800	1	1	99
455	Moving Eye Painting	550	2	1	99
460	Stone Lantern	575	1	1	99
461	Rice Paper Wall Screen	500	1	1	99
470	Christmas Ribbon	120	2	1	99
471	Leaning Tree	250	1	1	99
472	Wall Snowflake	150	2	1	99
473	Wrought Iron Lamp Post	600	1	1	99
474	Stocking	200	2	1	99
475	Wooden Reindeer	450	1	1	99
480	Snow Wall	50	1	1	99
481	Sloped Wall	50	1	1	99
482	Snow Fortress Wall	100	1	1	99
483	Snow Arch	100	1	1	99
484	Snow Tower	75	1	1	99
485	Icicles	150	2	1	99
486	Snowy Tree	280	1	1	99
487	Small Rock	120	1	1	99
488	Penguin Mask	400	2	1	99
489	Wall Gecko	350	2	1	99
490	Mexican Blanket	600	2	1	99
491	Hand Weights	350	1	1	99
492	Climbing Wall	1000	1	1	99
493	Stacking Washer and Dryer	1000	1	1	99
494	Map Area Rug	450	3	1	99
495	Ironing Board	600	1	1	99
496	Astro Barrier Poster	75	2	1	99
497	Thin Ice Poster	75	2	1	99
500	Yellow Puffle Poster	75	2	1	99
501	Blue Puffle Poster	75	2	1	99
502	Red Puffle Poster	75	2	1	99
503	Green Puffle Poster	75	2	1	99
504	Black Puffle Poster	75	2	1	99
505	Pink Puffle Poster	75	2	1	99
506	Purple Puffle Poster	75	2	1	99
507	White Puffle Poster	75	2	1	99
511	Supernova Shadow Box	400	2	1	99
512	Shadow Guy Shadow Box	400	2	1	99
513	Gamma Gal Shadow Box	400	2	1	99
514	Accoustic Guitar Shadow Box	450	2	1	99
515	Electric Guitar Shadow Box	600	2	1	99
516	Formal Table	550	1	1	99
517	Formal Chair	300	1	1	99
520	Tennis Net	450	1	1	99
521	Pitcher's Mound	175	3	1	99
522	Tennis Court	700	3	1	99
525	Tea Table	650	1	1	99
526	Large Box	120	1	1	99
527	Medium Box	100	1	1	99
528	Small Box	75	1	1	99
529	Portal Box	200	1	1	99
530	Bird Bath	480	1	1	99
531	Sunset Flowers	310	1	1	99
532	Bulrushes	340	1	1	99
533	Poodle Plant	430	1	1	99
535	Celtic Rug	550	3	1	99
536	Ornate Mirror	680	2	1	99
537	Archer's Window	630	2	1	99
538	Brazier	350	1	1	99
539	Wall Sconce	140	2	1	99
540	Sprouting Spectaculous	540	1	1	99
541	Plantus Fantasticus	280	1	1	99
542	Surprisus Maximus	250	1	1	99
544	Tropical Palm	300	1	1	99
545	Soccer Net	250	1	1	99
546	Stone Arch Ruins	450	1	1	99
547	Stone Wall Ruins	425	1	1	99
548	Stone Column Ruins	350	1	1	99
549	Archaeological Dig Decal	160	3	1	99
550	Gramophone	375	1	1	99
551	Country Record	200	2	1	99
552	Rock N'Roll Record	200	2	1	99
553	Classical Record	200	2	1	99
560	Window	600	2	1	99
561	Cabinet	350	2	1	99
562	Construction Pylon	50	1	1	99
563	Construction Barrier	100	1	1	99
564	Construction Sign	145	1	1	99
565	Bowling Alley	700	3	1	99
566	Bowling Pin	40	1	1	99
567	Green CP Banner	170	2	1	99
570	Computer Desk	900	1	1	99
571	Puzzle Floor	200	3	1	99
572	Funky Bookshelf	550	1	1	99
573	Snack Stand	300	1	1	99
574	Giraffe	450	1	1	99
575	Puffle Bean Bag	450	1	1	99
576	Haunted Mansion Cut-Out	850	1	1	99
577	Creepy Cottage Cut-Out	700	1	1	99
578	Iron Gate	650	1	1	99
579	Spooky Tree	200	1	1	99
580	Modern Couch	850	1	1	99
581	Modern Chair	700	1	1	99
582	Scoop Chair	650	1	1	99
583	Large Aquarium	450	1	1	99
584	Coffee Table	300	1	1	99
585	Coins For Change Donation Station	75	1	1	99
586	Santa Hat Snowman	300	1	1	99
587	Top Hat Snowman	300	1	1	99
588	Orange Scarf Snowman	300	1	1	99
589	Icicle Lights	75	2	1	99
590	Holiday Bells	100	2	1	99
591	Santa Chair	15	1	1	99
592	Stone Chair	350	1	1	99
593	Stone Couch	400	1	1	99
594	Stone Lamp	150	1	1	99
595	Stone Table	75	1	1	99
596	HD TV	1000	2	1	99
597	Rosewood Chair	150	1	1	99
598	Rosewood Dinner Table	700	1	1	99
599	Stone Deck Chair	375	1	1	99
600	Hot Drink Maker	275	1	1	99
601	Mailbox	200	1	1	99
602	Puffle Guard	150	1	1	99
603	Puffle Washer	450	1	1	99
604	Puffle Ball	150	1	1	99
605	Blue Couch	500	1	1	99
606	Blue Rug	500	3	1	99
607	Ice Fishing Decal	50	3	1	99
608	Barrel Chair	230	1	1	99
609	Green Clover	30	2	0	99
611	Clover Garland	150	2	1	99
612	Clover Balloon	15	1	1	99
613	Tree Stump	75	1	1	99
614	Tree Stump Chair	400	1	1	99
615	Wishing Well	500	1	1	99
616	Rainbow with Pot O' Gold	450	2	1	99
617	Salon Chair	400	1	1	99
618	Orange Puffle House	500	1	1	99
619	Orange Bed	250	1	1	99
620	Burgundy Chair	300	1	1	99
621	Burgundy Couch	500	1	1	99
622	Burgundy Bookshelf	450	1	1	99
623	Burgundy Lamp	100	1	1	99
624	Burgundy Curtains	350	2	1	99
625	Spikey Plant	230	1	1	99
626	Potted Palm	280	1	1	99
627	Potted Tree	250	1	1	99
628	Flower Pot	175	1	1	99
629	Evergreen Plant	240	1	1	99
630	Dragon's Gold	0	1	1	99
632	Wall Rack	350	2	1	99
633	Clothes Rack	400	1	1	99
634	Penguin Mannequin	275	1	1	99
635	Open-Closed Sign	150	2	1	99
636	Guitar Amp	600	1	1	99
637	Conga Drum	400	1	1	99
638	Lockers	550	1	1	99
639	Classroom Bell	75	2	1	99
640	Scroll-down Map	150	2	1	99
641	White Board	400	2	1	99
642	Yellow CP Banner	170	2	1	99
643	Perched Puffle Statue	275	2	1	99
644	Crystal Ball	350	1	1	99
646	Pile O' Goo	50	3	1	99
647	Torn Carpet	100	3	1	99
648	Pile O' Candy	0	3	1	99
649	Spooky Penguin Statue	550	1	1	99
650	Regal Table	400	1	1	99
651	Regal Chair	350	1	1	99
652	Multi-Pane Window	250	2	1	99
653	Iron Chandelier	600	2	1	99
654	Lamp Post	600	1	1	99
655	Holiday Tree	600	1	1	99
656	Presents	170	1	1	99
657	Snowflake	50	2	1	99
658	Candy Cane	300	1	1	99
659	Stockings	50	2	1	99
660	Donation Tube	70	1	1	99
661	Tallest Trees	300	1	1	99
662	Dream Catcher	250	2	1	99
663	Shiny Red Stove	650	1	1	99
664	Shiny Red Fridge	700	1	1	99
665	Brown Puffle House	500	1	1	99
666	Brown Puffle Picture	80	2	1	99
667	Blue Puffle Picture	80	2	1	99
668	Red Puffle Picture	80	2	1	99
669	Green Puffle Picture	80	2	1	99
670	Pink Puffle Picture	80	2	1	99
671	Purple Puffle Picture	80	2	1	99
672	Yellow Puffle Picture	80	2	1	99
673	White Puffle Picture	80	2	1	99
674	Black Puffle Picture	80	2	1	99
675	Mint Chip Chair	450	1	1	99
676	Neapolitan Lamp	150	1	1	99
677	Cocoa Cupcake	200	1	1	99
678	Marshmallow	20	1	1	99
679	Spiral Lollipop	150	1	1	99
680	Double Dunk Chair	450	1	1	99
681	Candy Stash	10	1	1	99
682	Brown Bed	250	1	1	99
683	Puffle Cannon	0	1	0	99
684	Super Puffle Cannon	0	1	1	99
685	Window Basket	300	2	1	99
686	Waterfall Pond	500	1	1	99
687	Hedge Tree	325	1	1	99
688	Hanging Basket	250	2	1	99
690	Orange Puffle Picture	80	2	1	99
691	Crystals	550	1	1	99
692	Trap Door	250	3	1	99
693	Hay Bale	200	1	1	99
694	Armor Rack	500	1	1	99
695	Elegant Plants	350	1	1	99
696	Ye Olde Red Banner	200	2	1	99
697	Ye Olde Blue Banner	200	2	1	99
698	Ye Olde Yellow Banner	200	2	1	99
699	Vines	200	2	1	99
700	Hanging Moss	150	2	1	99
701	Mossy Log	300	1	1	99
702	Boiling Cauldron	500	1	1	99
703	Island Trinkets	250	2	1	99
704	Blue Hydra Head	0	1	1	99
705	Red Hydra Head	0	1	1	99
706	Yellow Hydra Head	0	1	1	99
707	Single Flare	150	1	1	99
708	Flashing Flare	450	1	1	99
710	Confetti Blaster	25	2	1	99
711	Dynamic Drums	550	1	1	99
712	Busking Case	220	1	1	99
713	Dance Mat	135	3	1	99
714	Party Platter	180	1	1	99
715	Fire Extinguisher	10	1	1	99
716	Radiant Rocker	175	2	1	99
717	Musical Motif	225	2	1	99
718	Electric Encore	175	2	1	99
719	Laser Lights	145	2	1	99
720	Hanging Algae	30	2	1	99
721	Sea Streamers	45	2	1	99
722	Swinging Vines	200	2	1	99
723	Cream Soda Barrel	270	1	1	99
724	Sand Castle Arch	320	1	1	99
725	Sand Castle Wall	325	1	1	99
726	Rugged Rock	700	1	1	99
727	Jutting Rock	700	1	1	99
728	X Marks the Spot	10	3	1	99
729	Snappy Shark	250	2	1	99
730	In-line Ramp	75	1	1	99
731	Arch Ramp	80	1	1	99
732	Box Ramp	75	1	1	99
733	C Curve Ramp	75	1	1	99
734	S Curve Ramp	230	1	1	99
735	Winners Podium	300	1	1	99
736	Smoothie Machine	350	1	1	99
737	Trophy Shelf	650	1	1	99
739	Half-pipe	400	3	1	99
740	Stair Ramp	375	1	1	99
741	Freewheelin' Foam Pit	800	1	1	99
743	Vert Ramp	350	3	1	99
745	Weathered Path	120	3	1	99
746	Comfy Crab	275	1	1	99
747	Fair Fence	100	1	1	99
748	Feed Fluffy Trashcan	175	1	1	99
749	Balloon Bunch	125	1	1	99
750	Fair Flags	75	1	1	99
751	Hay	30	1	1	99
752	Cream Soda	150	1	1	99
753	Water Trough	100	1	1	99
754	Feeding Bucket	60	1	1	99
755	Ring O' Fire	245	1	1	99
756	Captain Cut-Out	500	1	1	99
757	Food Stand	550	1	1	99
758	Boss Desk	700	1	1	99
760	Writing Desk	375	1	1	99
761	The Glowing Grin	120	1	1	99
762	The Spooky Surprise	120	1	1	99
763	The Laughing Lantern	120	1	1	99
764	Trick-or-Treats	100	1	1	99
765	Stone Wall	300	1	1	99
766	Jack-O-Lights	100	2	1	99
767	Terrifying Tissue Ghost	150	2	1	99
768	Dangly Spider	75	2	1	99
769	Wall Pumpkin	75	2	1	99
770	Wall Ghosts	75	2	1	99
771	Wall Bats	75	2	1	99
772	Antique Clock	575	1	1	99
773	Swamp Slime	230	3	1	99
774	Ninja Gate	700	1	1	99
775	Green Paper Lantern	30	2	1	99
776	Ninja Cauldron	150	1	1	99
777	Bamboo Stalks	175	1	1	99
778	Noodle Stand	300	1	1	99
779	Paper Screen	475	1	1	99
780	Bonsai Tree	350	1	1	99
781	Training Dummy	500	1	1	99
782	Blue Paper Lantern	30	2	1	99
783	Red Paper Lantern	30	2	1	99
784	Yellow Paper Lantern	30	2	1	99
785	Purple Paper Lantern	30	2	1	99
786	Card-Jitsu Mat	700	3	1	4
787	Arm Chair	200	1	0	99
788	Couch	200	1	0	99
790	Fern	200	1	0	99
792	Door Mat	200	1	0	99
793	Clock	200	2	0	99
794	Gingerbread Couch	400	1	1	99
795	Gingerbread Chair	350	1	1	99
796	Jujubes	50	2	1	99
797	Gumdrop Tree	120	1	1	99
798	Gingerbread Man	250	1	1	99
799	Icing Decorations	30	2	1	99
800	Swirly Lollipop	75	1	1	99
801	Holiday Star Decoration	150	2	1	99
802	Holiday Tree Decoration	150	2	1	99
803	Festive Coffee Table	300	1	1	99
804	Cozy Fireplace	700	2	1	99
805	CFC Beanbag Chair	200	1	1	99
806	CFC Paper Chain	75	2	1	99
807	Tidal Pools	400	1	1	99
808	Sea Stones	200	1	1	99
809	Ancient Archway	600	1	1	99
810	Treasure Chest	250	1	1	99
811	Sunken Pillar	350	1	1	99
812	Sunken Wall	425	1	1	99
813	Sunken Arch	450	1	1	99
814	Cavern Couch	450	1	1	99
815	Cavern Chair	350	1	1	99
816	Dinosaur Skull	500	1	1	99
817	Dinosaur Bones	250	1	1	99
818	Sewing Table	450	1	1	99
819	Mannequin	200	1	1	99
820	Catwalk	575	1	1	99
821	Violet Velvet Rope	160	1	1	99
822	Judge's Table	300	1	1	99
823	Judge's Chair	200	1	1	99
824	Fashion Show Boxes	350	1	1	99
825	Fuzzy Green Couch	500	1	1	99
826	Happy Lantern	175	2	1	99
827	Laughing Lantern	175	2	1	99
828	Grumpy Lantern	175	2	1	99
829	Cheeky Lantern	175	2	1	99
830	Puffle Rug	200	3	1	99
831	Puffle Tubes	100	1	1	99
832	Fuzzy Blue Couch	500	1	1	99
833	Fuzzy Purple Couch	500	1	1	99
834	Jungle Bloom	175	1	1	99
835	Jungle Fern	150	1	1	99
836	Jungle Flora	150	1	1	99
837	Watering Hole	500	3	1	99
838	Acacia Tree	350	1	1	99
839	Desert Stones	100	1	1	99
840	Hippopotamus	400	1	1	99
841	Zebra	400	1	1	99
842	Vine Swing	350	1	1	99
843	Bridge of Destiny	400	1	1	99
844	Tall Mushrooms	250	1	1	99
845	Short Mushrooms	150	1	1	99
846	Wishing Well	200	1	1	99
847	Fun Fungus	100	2	1	99
848	Wispy Clouds	100	2	1	99
849	Royal Throne	750	1	1	99
850	Scorn Statue	600	1	1	99
851	Kingdom Flag	50	2	1	99
852	Fairy Woods Flag	50	2	1	99
853	Wizard Flag	50	2	1	99
854	Village Flag	50	2	1	99
855	Scorn Flag	50	2	1	99
856	Sky Flag	50	2	1	99
857	Dragon Flag	50	2	1	99
858	Fluffy Shrubbery	500	1	1	99
859	Knightly Shrubbery	550	1	1	99
860	Maiden Shrubbery	550	1	1	99
861	Cityscape	550	2	1	99
862	Telephone Box	400	1	1	99
863	Manhole	100	3	1	99
864	Trashcan	100	1	1	99
865	Newspaper Stand	200	1	1	99
866	Hydrant	150	1	1	99
867	Lamp Post	175	1	1	99
868	Searchlight	250	1	1	99
869	Hazard Barrel	350	1	1	99
870	Green Screen	550	1	1	99
871	Guitar Stand	325	1	1	99
872	Show Lights	500	2	1	99
873	Sound Station	600	1	1	99
874	Tall Spotlight	250	1	1	99
875	Short Spotlight	200	1	1	99
876	Video Camera	225	1	1	99
877	Musician's Chair	50	1	1	99
878	Kiwi Seat	400	1	1	99
879	Ancient Bench	250	1	1	99
880	Lemon Cushion	350	1	1	99
881	Ancient Couch	450	1	1	99
882	Fruit Pillar	400	1	1	99
883	Ancient Recliner	450	1	1	99
884	Thatched Awning	250	2	1	99
885	Refreshing Curtain	65000	2	0	99
886	Pineapple Table	65000	1	0	99
887	Banana Bunch Lamp	65000	1	0	99
888	Fruit Vine	65000	2	0	99
889	Watermelon Sofa	65000	1	0	99
890	Sour Apple Chair	65000	1	0	99
891	Tropical Hammock	65000	1	0	99
892	Strawberry Seat	65000	1	0	99
893	Banana Couch	65000	1	0	99
894	Smoothie Stand	65000	1	0	99
902	Vampire Throne	0	1	1	99
903	Batty Chaise Lounge	400	1	1	99
904	Ogre Ottoman	300	1	1	99
905	Shady Lamp	200	1	1	99
906	Gothic Candle Holder	100	1	1	99
907	Cursed Volume	150	1	1	99
908	Full Moon	250	2	1	99
909	Nightmare Vortex	300	3	1	99
910	Black Widow Window	250	2	1	99
911	Ectoplasmic Crevasse	450	3	1	99
912	Ornate Tombstone	200	1	1	99
913	Headstone	0	1	1	99
914	Ectoplasmic Pit	0	3	1	99
915	Short Security Laser	200	1	1	99
916	Long Security Laser	300	1	1	99
917	Cardboard Herbert	600	1	1	99
918	Safe	450	1	1	99
919	Containment Cell	700	1	1	99
920	Emergency Light	200	1	1	99
921	Paw Print	50	1	1	99
922	Spy Car	900	1	1	99
923	Covert Agent Station	0	1	0	1
924	Holly Jolly Rug	250	3	1	99
925	Frost Pillar	475	1	1	99
926	Frost Throne	750	1	1	99
927	Candy Cane Arch	500	1	1	99
928	Candy Fence	250	1	1	99
929	Cozy Green House	800	1	1	99
930	Cozy Red House	800	1	1	99
931	Cozy Blue Door	800	1	1	99
932	Tinker Train Engine	700	1	1	99
933	Tinker Train Car	350	1	1	99
934	Holly Jolly Tree	0	1	0	99
935	Holiday Fireplace	500	1	1	99
936	Hut Roof	800	1	1	99
937	Hollow Tree	500	1	1	99
938	Trusty Post	150	1	1	99
939	Wooden Walk	400	1	1	99
940	Trustier Post	300	1	1	99
941	Lava Puddle	550	1	1	99
942	Leafy Roof	350	1	1	99
943	Lava Pool	550	1	1	99
944	Wooden Steps	300	1	1	99
945	Short Wooden Steps	200	1	1	99
946	Leafy Window	700	2	1	99
947	Tall Grass	200	1	1	99
948	Leather Canopy	550	1	1	99
949	Comfy Stump	500	1	1	99
950	Lava Flow	0	3	1	99
951	Volcano	0	1	1	99
952	Waterfall	0	1	1	99
953	Ancient Tree	0	1	1	99
954	Festive Chair	0	1	0	1
955	Holly Jolly Couch	0	1	0	1
956	Festive Light	0	2	1	1
957	Make and Bake Kitchen	0	1	1	1
958	Santa Desk	0	1	1	1
959	Space Age Lights	100	1	1	99
960	Basketball Court	300	3	1	99
961	Grand Piano	300	1	1	99
962	DJ Booth	300	1	1	99
963	Jumbo Remote	200	1	1	99
964	Diner Counter	300	1	1	99
965	Jumbo TV	300	1	1	99
966	Mars	100	2	1	99
967	Earth	100	2	1	99
968	Basketball Hoop	200	1	1	99
969	Director's Chair	0	1	0	99
970	Spaceship	600	1	1	99
971	Graffiti Arch Ramp	0	1	1	99
972	Graffiti Stair Ramp	0	1	1	99
973	Puffle Carrier	200	1	1	99
974	Arcade Game	350	1	1	99
975	Skating Rink	400	3	1	99
976	Rainbow Bridge	400	3	1	99
977	Puffle Shop Shelf	200	1	1	99
978	Puffle Shop Till	200	1	1	99
979	Unicycle Tightrope	250	1	1	99
980	Puffle Stage	300	3	1	99
981	Puffle Tire Swing	0	1	0	99
982	Puffle Patio Lanterns	0	2	0	99
983	Puffle Table	0	1	0	99
984	Clinic Entrance	800	1	1	99
985	General Store Front	800	1	1	99
986	X-Ray Machine	200	1	1	99
987	Hospital Chair	150	1	1	99
988	Operating Room Lights	300	1	1	99
989	Deluxe Tool Chest	200	1	1	99
990	Red Bridge Railing	150	1	1	99
991	Rice Paper Wall	300	1	1	99
992	Floral Paper Screen	100	2	1	99
993	Stone Walk Way	150	3	1	99
994	Circular Archway	250	1	1	99
995	Sushi Table	250	1	1	99
996	Rock Garden	300	3	1	99
997	Blue Floor Cushion	50	3	1	99
998	Blue Tea Set	75	1	1	99
999	Sword Display	300	1	1	99
1001	Custom Furniture	475	1	1	99
1002	Custom Furniture	475	1	1	99
1003	Custom Furniture	475	1	1	99
1004	Custom Furniture	475	1	1	99
1005	Custom Furniture	475	1	1	99
1006	Custom Furniture	475	1	1	99
1007	Custom Furniture	475	1	1	99
1008	Custom Furniture	475	1	1	99
1009	Custom Furniture	475	1	1	99
1010	Custom Furniture	475	1	1	99
1011	Custom Furniture	475	1	1	99
1012	Custom Furniture	475	1	1	99
1013	Custom Furniture	475	1	1	99
1014	Custom Furniture	475	1	1	99
1015	Custom Furniture	475	1	1	99
1016	Custom Furniture	150	1	1	99
1017	Custom Furniture	150	1	1	99
1018	Custom Furniture	150	1	1	99
1019	Custom Furniture	150	1	1	99
1020	Custom Furniture	150	1	1	99
1021	Custom Furniture	150	1	1	99
1022	Custom Furniture	150	1	1	99
1023	Custom Furniture	150	1	1	99
1024	Custom Furniture	150	1	1	99
1025	Custom Furniture	150	1	1	99
1026	Custom Furniture	150	1	1	99
1027	Custom Furniture	150	1	1	99
1028	Custom Furniture	150	1	1	99
1029	Custom Furniture	150	1	1	99
1030	Custom Furniture	150	1	1	99
1031	Custom Furniture	300	1	1	99
1032	Custom Furniture	300	1	1	99
1033	Custom Furniture	300	1	1	99
1034	Custom Furniture	300	1	1	99
1035	Custom Furniture	300	1	1	99
1036	Custom Furniture	300	1	1	99
1037	Custom Furniture	300	1	1	99
1038	Custom Furniture	300	1	1	99
1039	Custom Furniture	300	1	1	99
1040	Custom Furniture	300	1	1	99
1041	Custom Furniture	300	1	1	99
1042	Custom Furniture	300	1	1	99
1043	Custom Furniture	300	1	1	99
1044	Custom Furniture	300	1	1	99
1045	Custom Furniture	300	1	1	99
1050	Custom Furniture	375	1	1	99
1051	Custom Furniture	375	1	1	99
1052	Custom Furniture	375	1	1	99
1053	Custom Furniture	375	1	1	99
1054	Custom Furniture	375	1	1	99
1055	Custom Furniture	375	1	1	99
1056	Custom Furniture	375	1	1	99
1057	Custom Furniture	375	1	1	99
1058	Custom Furniture	375	1	1	99
1059	Custom Furniture	375	1	1	99
1060	Custom Furniture	375	1	1	99
1061	Custom Furniture	375	1	1	99
1062	Custom Furniture	375	1	1	99
1063	Custom Furniture	375	1	1	99
1064	Custom Furniture	375	1	1	99
1065	Custom Furniture	275	1	1	99
1066	Custom Furniture	275	1	1	99
1067	Custom Furniture	275	1	1	99
1068	Custom Furniture	275	1	1	99
1069	Custom Furniture	275	1	1	99
1070	Custom Furniture	275	1	1	99
1071	Custom Furniture	275	1	1	99
1072	Custom Furniture	275	1	1	99
1073	Custom Furniture	275	1	1	99
1074	Custom Furniture	275	1	1	99
1075	Custom Furniture	275	1	1	99
1076	Custom Furniture	275	1	1	99
1077	Custom Furniture	275	1	1	99
1078	Custom Furniture	275	1	1	99
1079	Custom Furniture	275	1	1	99
1080	Custom Furniture	180	3	1	99
1081	Custom Furniture	180	3	1	99
1082	Custom Furniture	180	3	1	99
1083	Custom Furniture	180	3	1	99
1084	Custom Furniture	180	3	1	99
1085	Custom Furniture	180	3	1	99
1086	Custom Furniture	180	3	1	99
1087	Custom Furniture	180	3	1	99
1088	Custom Furniture	180	3	1	99
1089	Custom Furniture	180	3	1	99
1090	Custom Furniture	180	3	1	99
1091	Custom Furniture	180	3	1	99
1092	Custom Furniture	180	3	1	99
1093	Custom Furniture	180	3	1	99
1094	Custom Furniture	180	3	1	99
1100	Custom Furniture	350	1	1	99
1101	Custom Furniture	350	1	1	99
1102	Custom Furniture	350	1	1	99
1103	Custom Furniture	350	1	1	99
1104	Custom Furniture	350	1	1	99
1105	Custom Furniture	350	1	1	99
1106	Custom Furniture	350	1	1	99
1107	Custom Furniture	350	1	1	99
1108	Custom Furniture	350	1	1	99
1109	Custom Furniture	350	1	1	99
1110	Custom Furniture	350	1	1	99
1111	Custom Furniture	350	1	1	99
1112	Custom Furniture	350	1	1	99
1113	Custom Furniture	350	1	1	99
1114	Custom Furniture	350	1	1	99
1115	Custom Furniture	600	1	1	99
1116	Custom Furniture	600	1	1	99
1117	Custom Furniture	600	1	1	99
1118	Custom Furniture	600	1	1	99
1119	Custom Furniture	600	1	1	99
1120	Custom Furniture	600	1	1	99
1121	Custom Furniture	600	1	1	99
1122	Custom Furniture	600	1	1	99
1123	Custom Furniture	600	1	1	99
1124	Custom Furniture	600	1	1	99
1125	Custom Furniture	600	1	1	99
1126	Custom Furniture	600	1	1	99
1127	Custom Furniture	600	1	1	99
1128	Custom Furniture	600	1	1	99
1129	Custom Furniture	600	1	1	99
1130	Custom Furniture	500	1	1	99
1131	Custom Furniture	500	1	1	99
1132	Custom Furniture	500	1	1	99
1133	Custom Furniture	500	1	1	99
1134	Custom Furniture	500	1	1	99
1135	Custom Furniture	500	1	1	99
1136	Custom Furniture	500	1	1	99
1137	Custom Furniture	500	1	1	99
1138	Custom Furniture	500	1	1	99
1139	Custom Furniture	500	1	1	99
1140	Custom Furniture	500	1	1	99
1141	Custom Furniture	500	1	1	99
1142	Custom Furniture	500	1	1	99
1143	Custom Furniture	500	1	1	99
1144	Custom Furniture	500	1	1	99
1150	Custom Furniture	475	1	1	99
1151	Custom Furniture	475	1	1	99
1152	Custom Furniture	475	1	1	99
1153	Custom Furniture	475	1	1	99
1154	Custom Furniture	475	1	1	99
1155	Custom Furniture	475	1	1	99
1156	Custom Furniture	475	1	1	99
1157	Custom Furniture	475	1	1	99
1158	Custom Furniture	475	1	1	99
1159	Custom Furniture	475	1	1	99
1160	Custom Furniture	475	1	1	99
1161	Custom Furniture	475	1	1	99
1162	Custom Furniture	475	1	1	99
1163	Custom Furniture	475	1	1	99
1164	Custom Furniture	475	1	1	99
1165	Custom Furniture	350	2	1	99
1166	Custom Furniture	350	2	1	99
1167	Custom Furniture	350	2	1	99
1168	Custom Furniture	350	2	1	99
1169	Custom Furniture	350	2	1	99
1170	Custom Furniture	350	2	1	99
1171	Custom Furniture	350	2	1	99
1172	Custom Furniture	350	2	1	99
1173	Custom Furniture	350	2	1	99
1174	Custom Furniture	350	2	1	99
1175	Custom Furniture	350	2	1	99
1176	Custom Furniture	350	2	1	99
1177	Custom Furniture	350	2	1	99
1178	Custom Furniture	350	2	1	99
1179	Custom Furniture	350	2	1	99
1181	Custom Furniture	200	3	1	99
1182	Custom Furniture	200	3	1	99
1183	Custom Furniture	200	3	1	99
1184	Custom Furniture	200	3	1	99
1185	Custom Furniture	200	3	1	99
1186	Custom Furniture	200	3	1	99
1187	Custom Furniture	200	3	1	99
1188	Custom Furniture	200	3	1	99
1189	Custom Furniture	200	3	1	99
1190	Custom Furniture	200	3	1	99
1191	Custom Furniture	200	3	1	99
1192	Custom Furniture	200	3	1	99
1193	Custom Furniture	200	3	1	99
1194	Custom Furniture	200	3	1	99
1195	Custom Furniture	200	3	1	99
2000	Monster Bleachers	250	1	1	99
2001	Green Triangle Pennants	50	2	1	99
2002	Pink Triangle Pennants	50	2	1	99
2003	Orange Triangle Pennants	50	2	1	99
2004	Monster Scoreboard	250	2	1	99
2005	Monster Archway	400	1	1	99
2006	OK Pennant	50	2	1	99
2007	3D OK	100	2	1	99
2008	PNK Pennant	50	2	1	99
2009	3D PNK	100	2	1	99
2010	JOX Pennant	50	2	1	99
2011	3D JOX	100	2	1	99
2012	Monster Table	250	1	1	99
2013	Monster Library Shelves	300	1	1	99
2014	Scare Can	100	1	1	99
2015	Monster Buffet Food	300	1	1	99
2016	Monster Rug	300	3	1	99
2017	Monster Library Table	250	1	1	99
2018	Monster Eye Pillar	125	1	1	99
2019	Monster Door Station	450	1	1	99
2020	Red Triangle Pennants	50	2	1	99
2021	ROR Pennant	50	2	1	99
2022	3D ROR	100	2	1	99
2023	Monster Boombox	200	1	1	99
2024	Monster Ping Pong Table	300	1	1	99
2025	Monster Lounge Chair	350	1	1	99
2026	Imperial Wall Panel	100	1	1	99
2027	Radar Screen	100	1	1	99
2028	Droid Cleaning Station	200	1	1	99
2029	Holonet Terminal	50	1	1	99
2030	Millennium Falcon Seats	250	1	1	99
2031	System Readout Terminal	200	1	1	99
2032	Dejarik Set	50	1	1	99
2033	GNK Power Droid	200	1	1	99
2034	Imperial Archway	50	1	1	99
2035	Computer Console	100	1	1	99
2036	Rebel House Rug	150	3	1	99
2037	Imperial House Rug	150	3	1	99
2038	LIN Demolitionmech Droid	150	1	1	99
2039	TIE Fighter Chair	450	1	1	99
2040	X-wing Fighter Chair	450	1	1	99
2041	Tatooine House	300	1	1	99
2042	Imperial Throne	200	1	1	99
2043	Holonet Tracking Console	150	1	1	99
2044	Radar Computer	50	1	1	99
2045	Death Star	100	2	1	99
2046	Swimming Pool	300	1	1	99
2047	Board Wave	150	1	1	99
2048	Mermaid Cutout	100	1	1	99
2049	Merman Cutout	100	1	1	99
2050	Lit Stage	150	1	1	99
2051	Beach Beatz	250	1	1	99
2052	Dressing Table	200	1	1	99
2053	Retro Jukebox	150	1	1	99
2054	Inflatable Lounge Chair	50	1	1	99
2055	Dressing Screen	100	1	1	99
2056	Lifeguard Chair	150	1	1	99
2057	Pink Curtains	200	2	1	99
2058	Diving Board	100	1	1	99
2059	Inner Tube	50	1	1	99
2060	Big Momma's Diner	100	1	1	99
2061	Mic	50	1	1	99
2062	Beach Boards	50	1	1	99
2063	Motorbike	200	1	1	99
2064	Gas Pump	150	1	1	99
2065	Castle Gate	100	1	1	99
2066	Stone Keep	100	1	1	99
2067	Watch Tower	75	1	1	99
2068	Castle Entrance	100	1	1	99
2069	Battlements	50	1	1	99
2070	Regal Drapes	200	2	1	99
2071	Ogre Fence	50	1	1	99
2072	Ogre Drapes	50	2	1	99
2073	Ogre Table	100	1	1	99
2074	Fairy Tree Stump	300	1	1	99
2075	Fairy Flower	50	1	1	99
2076	Steel Anvil	50	1	1	99
2077	Wish You Well	100	1	1	99
2078	Regal Throne	300	1	1	99
2079	Potions Table	200	1	1	99
2080	Magical Garden	50	3	1	99
2081	Royal Cannon	150	1	1	99
2082	Magical Fairy Plant	150	1	1	99
2083	Barrel Top	50	1	1	99
2084	Ye Olde Puffle Bowl	50	1	1	99
2085	Jar Of Eyes	50	1	1	99
2086	Ogre Puffle Head	100	2	1	99
2087	Stone Gatepost	50	1	1	99
2088	Coffin Cabinet	100	1	1	99
2089	Gnarled Tree	100	1	1	99
2090	Eerie Cave	150	1	1	99
2091	Web Rug	170	3	0	99
2092	Ghastly Window	100	2	1	99
2093	Garland of Sweets	50	2	1	99
2094	Ghost Garland	50	2	1	99
2095	Jack-O-Lantern Garland	50	2	1	99
2096	Candy Garland	50	2	1	99
2097	Mini Pumpkin Lanterns	20	2	0	99
2098	Batty Garland	50	2	1	99
2099	Bat Decal	50	2	1	99
2100	Neon Bat	50	2	1	99
2101	Happy Lantern Light	20	2	0	99
2102	Scary Lantern Light	50	2	1	99
2103	Wall Webbing	50	2	1	99
2104	Decrepit Chandelier	150	2	1	99
2105	Goblin Eye	50	1	1	99
2106	Mysterious Mist	50	1	1	99
2107	Glowing Cauldron	100	1	1	99
2108	Purple Pit	200	3	1	99
2109	Gazing Crystal	50	1	1	99
2110	Abandoned Mine Wall	100	1	1	99
2111	Abandoned Mine Entrance	150	1	1	99
2112	Graveyard Plot	100	1	1	99
2113	Mini Ghost	50	1	1	99
2114	Spooky Jack-O-Lantern	20	1	0	99
2115	Candy Cauldron	50	1	1	99
2116	Slimy Tentacles	200	1	1	99
2117	Bone Fence	50	1	1	99
2118	Lazy Bones	150	1	1	99
2119	Graveyard Gate	100	1	1	99
2120	Graveyard Fence	100	1	1	99
2121	Haunted House Entrance	150	1	1	99
2122	Haunted House Wall	100	1	1	99
2123	The Count's Chair	20	1	0	99
2124	The Count's Couch	100	1	1	99
2125	Trick Or Treat Pumpkin	250	1	1	99
2126	River Pontoon Boat	250	1	1	99
2129	Gold Walkway	0	3	1	99
2130	Golden Lava Puddle	0	1	1	99
2131	Golden Lava Pool	0	1	1	99
2132	Gold Chandelier	0	2	1	99
2133	Snowman	0	1	0	1
2134	Puffle Freedom Statue	0	1	0	1
2135	Tall Snowy Tree	200	1	1	99
2136	Puffle Kennel	150	1	1	99
2137	Rope Climbing Wall	200	1	1	99
2138	River's Edge	150	3	1	99
2139	Frozen Ledge	150	1	1	99
2140	Hot n'Cold Crater	200	1	1	99
2141	Medic Tent	300	1	1	99
2142	Log Wall	100	1	1	99
2143	Wooden Post	100	1	1	99
2144	Log Cabin	300	1	1	99
2145	Candy Cane Lantern	100	1	1	99
2146	Holiday Station Clock	250	1	1	99
2147	Railroad Corner	50	3	1	99
2148	Railroad Crossing	50	3	1	99
2149	Train Crossing Sign	100	1	1	99
2150	Railroad Piece	50	3	1	99
2151	Railroad Crossing Sign	200	1	1	99
2152	Railroad Intersection	50	3	1	99
2153	Handbag	100	1	1	99
2154	Luggage Case	100	1	1	99
2155	Holiday Centerpiece	50	1	1	99
2156	Holiday Wreath	0	2	0	99
2157	Train Car Present	75	1	1	99
2158	Train Engine Present	100	1	1	99
2159	Station Bench	75	1	1	99
2160	Newsstand	75	1	1	99
2161	Gold Railroad Piece	0	3	0	4
2162	Gold Railroad Corner	0	3	0	4
2163	Gold Railroad Crossing	0	3	0	1
2164	Gold Railroad Intersection	0	3	0	1
2165	Red Line Tunnel	150	1	1	1
2166	Table for Two	0	1	0	1
2167	Green Line Tunnel	150	1	1	1
2168	Blue Line Tunnel	150	1	1	1
2169	Bone Bridge	100	3	1	99
2170	Volcanic Glass Table	75	1	1	99
2171	Ice Age 3000 BCE	150	1	1	99
2172	Designer Log Stool	25	1	1	99
2173	Fish Fossil	150	2	1	99
2174	Slab Sofa	200	1	1	99
2175	Slab Recliner	150	1	1	99
2176	Sabre-tooth Rug	100	3	1	99
2177	Tortoise Dining Table	250	1	1	99
2178	Volcanic Glass Side Table	75	1	1	99
2179	Dino Dig Site	300	1	1	1
2180	Hanging Torch	150	2	1	99
2182	Primal Shark Arch	200	1	1	99
2183	Tricera-statue	200	1	1	99
2184	Prehistoric Gate	100	1	1	99
2185	Prehistoric Wall	75	1	1	99
2186	Chieftain's Seat	150	1	1	99
2187	Clam Chair	150	1	1	99
2188	Claw Marks	25	1	1	99
2189	Popcorn Cart	200	1	1	99
2190	Carousel Horse	100	1	1	99
2191	Balloon Pop Booth	250	1	1	99
2192	Feed-a-Puffle Booth	250	1	1	99
2193	Lunar Launch Booth	250	1	1	99
2194	Memory Cards Booth	250	1	1	99
2195	Puffle Paddle Booth	250	1	1	99
2196	Puffle Shuffle Booth	250	1	1	99
2197	Puffle Soaker Booth	250	1	1	99
2198	Blue Coaster Cart	100	1	1	99
2199	Orange Coaster Cart	100	1	1	99
2200	Ticket Hut	200	1	1	99
2201	Inspiration Station	200	1	0	99
2202	CP Air Seat	75	1	1	99
2203	CP Air Pilot's Chair	100	1	1	99
2204	Check-in Terminal	100	1	1	99
2205	Gate Chair	50	1	1	99
2206	Airport Departures Board	150	1	1	99
2207	Elastic Barrier	50	1	1	99
2208	Theater Seat	50	1	1	99
2209	Stage Curtain	100	1	1	99
2210	Grand Stage Arch	300	1	1	99
2211	Footlight Stage	75	1	1	99
2212	Long Puffle Tube	50	1	1	99
2213	Short Puffle Tube	25	1	1	99
2214	Puffle Bubble Tube	50	1	1	99
2215	Long Solid Tube	55	1	1	99
2216	Short Solid Tube	30	1	1	99
2217	Long Window Tube	55	1	1	99
2218	Short Window Tube	30	1	1	99
2219	T-joint Puffle Tube	60	1	1	99
2220	4-Way Puffle Tube	75	1	1	99
2221	Corner Puffle Tube	50	1	1	99
2222	Puffle Tube Bend	25	1	1	99
2223	Puffle Tube Box	300	1	1	99
2224	Puffle Tube Tower	300	1	1	99
2225	Giant Puffle Hub	500	1	1	99
2226	Holo-projector	100	1	1	99
2227	Rocketship Lava Lamp	50	1	1	99
2228	Futura Stool	50	1	1	99
2229	Starship Console	150	1	1	99
2230	Galactic Pod Chair	75	1	1	99
2231	Galactic Pod Couch	75	1	1	99
2232	Planet Lamp	75	1	1	99
2233	Futura Table	100	1	1	99
2234	Cinema Pod	125	1	1	99
2235	UFO	300	1	1	99
2236	Force Field	100	1	1	99
2237	Soccer Goal	150	1	1	99
2238	Stadium Bleachers	200	1	1	99
2239	Multi-Ball	50	1	1	99
2240	Equipment Rack	100	1	1	99
2241	Training Hurdle	75	1	1	99
2242	Team Locker	75	1	1	99
2243	Go Sharks	50	2	1	99
2244	Go Space Squids	50	2	1	99
2245	Go Hot Sauce	50	2	1	99
2246	Go Fluffies	50	2	1	99
2247	Soccer Bean Bag	75	1	1	99
2248	Modern Coffee Table	75	1	1	99
2249	Modern End Table	50	1	1	99
2250	Granite Top Dishwasher	100	1	1	99
2251	Granite Top Corner Cabinet	75	1	1	99
2252	Granite Top Cabinet	50	1	1	99
2253	Granite Sink	100	1	1	99
2254	Granite Top Double Cabinet	75	1	1	99
2255	Brushed Steel Fridge	200	1	1	99
2256	Granite Kitchen Island	150	1	1	99
2257	Upper Cabinets	100	2	1	99
2258	Brushed Steel Oven	150	1	1	99
2259	Kitchen Stool	75	1	1	99
2260	Wall Cabinet	50	2	1	99
2261	Double Wall Cabinet	75	2	1	99
2262	Corner Wall Cabinet	75	2	1	99
2263	Electric Keyboard	150	1	1	99
2264	Rock Out Amp	100	1	1	99
2265	Six String Tune Table	150	1	1	99
2266	Cozy Porch Swing	150	1	1	99
2267	Patio Table	150	1	1	99
2268	Cozy Porch Chair	75	1	1	99
2269	SoundStudio Booth	300	1	1	1
2270	Ice Throne	0	1	0	5
2271	Ice Dining Table	0	1	0	3
2272	Ice Rug	0	1	0	10
2273	Ice Block	50	1	1	99
2274	Stone Fireplace	150	1	1	99
2275	Painted Rocking Horse	75	1	1	99
2276	Ice Delivery Sleigh	200	1	1	99
2277	Beach Party Ball	50	1	1	99
2278	Sand Bucket	50	1	1	99
2279	Sunscreen	50	1	1	99
2280	Patio Parasol	150	1	1	99
2281	Left Princess Door	75	1	1	99
2282	Right Princess Door	75	1	1	99
2283	Ice Lantern	50	1	1	99
2284	Ice Pillar	50	1	1	99
2285	Ice Coffee Table	100	1	1	99
2286	CPU Student Desk	150	1	1	99
2287	CPU Chair	100	1	1	99
2288	CPU Locker	100	1	1	99
2289	Teacher's Desk	200	1	1	99
2290	Classy Bookshelf	150	1	1	99
2291	Wheelie Board	150	1	1	99
2292	Cafeteria Delights	150	1	1	99
2293	Magic Crystal Ball	100	1	1	99
2294	Spooky Hearth	200	1	1	99
2295	Antique Post Box	150	1	1	99
2296	Jack-O-Lantern Curtains	150	2	1	99
2297	O'berry Bush	50	1	1	99
2298	Wilds Puffle House	120	1	1	99
2299	Wilds Puffle Treehouse	150	1	1	99
2300	Puffle Cave	100	1	1	99
2301	Rustic Puffle Table	100	1	1	99
2302	Wooden Puffle Swing	150	1	1	99
2303	Pirate Barrel	75	1	1	99
2304	Ship Shrouds	100	1	1	99
2305	Bowsprit	75	1	1	99
2306	Ship Deck	25	1	1	99
2307	Mast	100	1	1	99
2308	Ship Front Left	50	1	1	99
2309	Ship Front Right	50	1	1	99
2310	Crow's Nest Front	50	1	1	99
2311	Crow's Nest Back	50	1	1	99
2312	Ship Hull Side	25	1	1	99
2313	Ship Hull Corner	25	1	1	99
2314	Pirate Diving Board	50	1	1	99
2315	Crab Treasure Chest	0	1	0	1
2316	Ship's Wheel	75	1	1	99
2317	Crystal Candy Cane	100	1	1	99
2318	Ice Cube Wreath	75	2	1	99
2319	Blue Ornament Chair	100	1	1	99
2320	Merry Walrus Snow Sculpture	250	1	1	99
2321	Potted Poinsettia	100	1	0	99
2322	Festive Fluffy Feast	150	1	1	99
2323	Toy Maker's Desk	150	1	1	99
2324	Merry Walrus Tree	200	1	1	99
2325	Merry Walrus Garland	100	2	1	99
2326	Stable Stall	100	1	1	99
2327	Speeder Bike	0	1	1	50
2328	Starship Seats	125	1	1	99
2329	Droid Conductor	150	1	1	99
2330	Starship Stool	25	1	1	99
2331	Starship Panel	50	2	1	99
2332	Imperial Holoprojector	150	1	1	99
2333	Imperial Supply Crate	75	1	1	99
2334	Ezra's Work Bench	125	1	1	99
2335	Rebels Area Rug	150	3	1	99
2336	Judge's Platform	100	1	1	99
2337	Puffle Wilds Post	80	1	1	99
2338	Puffle Wilds Statue	100	1	1	99
2339	Puffle Wilds Sculpture	150	1	1	99
2340	Stump Seat	25	1	1	99
2341	Stump Drawer	80	1	1	99
2342	Stump Bookcase	125	1	1	99
2343	Recliner Stump	50	1	1	99
2344	Wood Ring Table	150	1	1	99
2345	Multi-berry Bush	50	1	1	99
2346	Large Multi-berry Bush	80	1	1	99
2347	Black TV Stand	400	1	1	99
2348	Gray TV Stand	400	1	1	99
2349	Black Designer Couch	200	1	1	99
2350	Brown Designer Couch	200	1	1	99
2351	Red Designer Couch	200	1	1	99
2352	Multi Shelves	100	1	1	99
2353	Wood Shelves	100	1	1	99
2354	Mounted Speaker	50	2	1	99
2355	Surround Sound Speaker	75	1	1	99
2356	Tower Speaker	80	1	1	99
2357	Spring Flowers Vase	50	1	1	99
2358	Designer Vase	50	1	1	99
2359	Costume Trunk	75	1	1	99
2360	Switch Box 3000	100	1	1	99
2361	Baby Grand Piano	125	1	1	99
10076	Folding Chair	0	1	0	99
10077	Beach Umbrella	0	1	0	99
10079	Inflatable Whale	0	1	0	99
10156	Teddy Bear	0	1	0	99
10157	Student Desk	0	1	0	99
10185	Classroom Desk	0	1	0	1
10187	Classroom Chair	0	1	0	1
10214	Water Bottle	0	4	0	99
10219	Puffle Tent	0	1	0	99
10220	Puffle Condo	0	1	0	99
10229	Bears Pond	0	1	0	99
10293	Weight Bench	0	1	0	99
10304	Globe	0	1	0	1
10425	Desert Island	0	1	0	99
10540	Sprouting Spectaculous	0	1	0	99
10544	Tropical Palm	0	1	0	99
10545	Soccer Net	0	1	0	99
10573	Snack Stand	0	1	0	99
10656	Presents	0	1	0	99
10701	Bears Scratching Post	0	1	0	99
10737	Trophy Shelf	0	1	0	99
10774	Ninja Gate R	0	1	0	99
10778	Noodle Stand R	0	1	0	99
10781	Training Dummy R	0	1	0	99
10832	Fuzzy Blue Couch	0	1	0	99
10915	Short Security Laser	0	1	0	99
10941	Lava Puddle	0	1	0	99
10982	Puffle Patio Lanterns	0	2	0	99
12035	Computer Console	0	1	0	99
12062	Beach Boards	0	1	0	99
12114	Spooky Jack-o-lantern	0	1	0	1
12123	The Count’s Chair	0	1	0	1
12127	CP Magazine Star Trophy	0	1	0	99
12128	CP Magazine Published Reader Trophy	0	1	0	99
12129	Matryoshka Doll	0	1	0	99
12156	Holiday Wreath	0	2	0	99
