# id	name	cost	floor_frame
0	Igloo Removal	0	0
1	Basic Igloo	1500	1
2	Candy Igloo	1500	1
3	Deluxe Blue Igloo	4000	2
4	Big Candy Igloo	4000	2
5	Secret Stone Igloo	2000	1
6	Snow Igloo	1000	1
8	Secret Deluxe Stone Igloo	5000	2
9	Deluxe Snow Igloo	3000	2
10	Bamboo Hut	3200	4
11	Log Cabin	4100	5
12	Gym	4800	6
13	Split Level Igloo	4600	3
14	Candy Split Level Igloo	4600	3
15	Snowglobe	3700	7
16	Ice Castle	2400	8
17	Split Level Snow Igloo	4600	3
18	Fish Bowl	2400	9
19	Tent	2700	10
20	Jack O' Lantern	2700	11
21	Backyard Igloo	4200	3
22	Pink Ice Palace	2400	8
23	Ship Igloo	4300	7
24	Dojo Igloo	1300	5
25	Gingerbread House	2100	11
26	Restaurant Igloo	4800	12
27	Tree House Igloo	4500	7
28	Theatre Igloo	4600	12
29	Circus Tent	3000	10
30	Snowy Backyard Igloo	3000	3
31	Cave Igloo	1500	2
32	Green Clover Igloo	2050	3
33	Grey Ice Castle	2400	8
35	Cozy Cottage Igloo	2500	13
36	Estate Igloo	2500	11
37	In Half Igloo	2300	2
38	Shadowy Keep	1800	8
39	Dragon's Lair	3000	8
40	Mermaid Cove	3030	14
41	Whale's Mouth	2700	15
42	Trick-or-Treat Igloo	2000	14
43	Deluxe Gingerbread House	0	4
45	Invisible Snowy	0	16
46	Invisible Beach	0	16
47	Invisible Forest	0	16
48	Invisible Mountain	0	16
49	Shipwreck Igloo	900	15
50	Wildlife Den	900	15
51	Medieval Manor	1200	15
52	Warehouse	950	6
53	Pineapple Igloo	0	15
54	Creepy Cavern	1500	16
55	Frost Bite Palace	2000	16
56	Fresh Baked Gingerbread House	2500	15
57	Penthouse	4000	16
58	VIP Penthouse	4500	16
59	Invisible Age of Dinosaurs	0	16
60	Puffle Tree Fort	0	15
61	Secret Base	1600	16
62	Imperial Base Igloo	1000	16
63	Beach Party Igloo	1500	16
64	Gymnasium Igloo	0	16
65	Magical Hideout	1500	16
66	Eerie Castle	2000	16
67	Sweet Swirl Igloo	0	16
68	Train Station Igloo	1100	16
69	Main Event Igloo	1000	16
70	CP Airliner	1200	16
71	Puffle Tree House	1500	15
72	Invisible Distant Planet	0	16
73	Space Dome Igloo	2000	16
74	Invisible Soccer Pitch	0	16
75	Tour Bus Igloo	1800	16
76	Ice Palace Igloo	0	15
77	Sharks Gym	1500	16
78	Schoolhouse Igloo	0	16
79	Ghostly Cavern Igloo	1800	16
80	Invisible Undersea	0	16
81	Invisible Merry Walrus Iceberg	0	0
82	Ezra's Hideout	1800	15
83	Starship Igloo	0	15
84	Talent Show Stage	1500	15
85	Red Puffle Tree House	1000	15
86	Orange Puffle Tree House	1000	15
87	Yellow Puffle Tree House	1000	15
88	Green Puffle Tree House	1000	15
89	Blue Puffle Tree House	1000	15
90	Purple Puffle Tree House	1000	15
91	Black Puffle Tree House	1000	15
92	White Puffle Tree House	1000	15
93	Brown Puffle Tree House	1000	15
94	Pink Puffle Tree House	1000	15
95	Gold Puffle Tree House	1000	15
96	Rainbow Puffle Tree House	1000	15
97	Spring Palace	0	15
98	Stage Igloo	1500	15
