# id	name	cost	frames
0	Floor Removal	20	0
1	Terracotta Tile	680	16
2	Maple Hardwood	620	16
3	Green Carpet	530	1
4	Burgundy Carpet	530	1
5	Black & White Tile	510	16
6	Linoleum	540	15
7	Dance Floor	1000	15
8	Painted Dance Steps	280	16
9	Bamboo Floor	370	16
10	Dirt & Leaves	400	16
11	Blue Turf	530	1
12	Whirlpool	750	16
13	Cherry Hardwood	620	16
14	Phony Lawn	700	16
15	Black Carpet	530	1
16	Dark Stone Tile	800	16
17	Pink Carpet	530	1
18	Sand Floor	400	16
19	Sunny Sky Floor	530	1
20	Cobblestone	1200	16
21	Snowy Floor	400	1
22	Lime Green Carpet	530	1
23	Woven Rice Mat	750	16
