# page	secret	id	name	cost	type	member	max_quantity
2	0	604	Puffle Ball	150	1	1	99
2	0	603	Puffle Washer	450	1	1	99
2	0	224	Scratch Tower	350	1	1	99
2	0	210	Small Scratching Post	150	1	1	99
2	0	617	Salon Chair	400	1	1	99
2	1	220	Puffle Condo	280	1	1	99
3	0	618	Orange Puffle House	500	1	1	99
3	0	208	Green Puffle House	500	1	1	99
3	0	209	Purple Puffle House	500	1	1	99
3	0	228	Yellow Puffle House	500	1	1	99
3	0	233	White Puffle House	500	1	1	99
3	0	207	Blue Puffle House	500	1	1	99
3	0	206	Pink Puffle House	500	1	1	99
3	1	223	Red Puffle House	500	1	1	99
3	1	204	Gray Puffle House	500	1	1	99
4	0	232	White Puffle Bed	250	1	1	99
4	0	227	Yellow Puffle Bed	250	1	1	99
4	0	222	Red Puffle Bed	250	1	1	99
4	0	200	Blue Puffle Bed	250	1	1	99
4	0	221	Purple Puffle Bed	250	1	1	99
4	0	201	Pink Puffle Bed	250	1	1	99
4	0	619	Orange Puffle Bed	250	1	1	99
4	0	203	Green Puffle Bed	250	1	1	99
4	0	212	Water Dish	50	1	1	99
4	0	225	Double Dish	80	1	1	99
4	0	214	Water Bottle	50	1	1	99
4	1	202	Gray Puffle Bed	250	1	1	99
