# id	name	asset	cost	available
39	Franken Hat	frankenstein	200	1
46	Pharaoh Hat	pharaoh	200	1
47	Sombrero	sombrero	200	1
48	Pirate Hat	pirate	200	1
49	Princess Cap	princess	200	1
50	Night Cap	nightcap	200	1
51	Propeller Cap	propeller	200	1
52	Tiara	tiara	200	1
53	Headphones	headphones	200	1
54	Gear Hat	steampunk	200	1
55	Jester Hat	jester	200	1
56	Crown	crown	200	1
58	Snowflake Helmet	snowflakehelmet	200	0
59	Gold Viking Helmet	goldvikinghelmet	200	1
60	Top Hat	tophat	200	1
61	Heavy Metal Hair	heavymetal	200	0
62	Jolly Roger Bandanna	jollyroger	200	0
63	The Big Bang	bigbang	200	0
64	The Overgrown	bluehair	200	1
65	The Scene-Stealer	greenhair	200	1
66	The Rad Scientist	brownhair	200	1
67	Disco Dome	disco	200	1
68	Candy Cane Cap	candycanecap	200	0
69	Turquoise Toque	turquoisetouque	200	1
70	Mini Polka Dot Puffle Hat	minipolkadotpufflehat	0	1
71	Blue Earmuffs	blueearmuffs	200	1
72	Pink Bow	pinkbow	200	1
73	Mini Squid Lid	minisquidlid	200	1
80	Jingle Jangle Hat	jinglejanglehat	0	1
81	Knight Helmet	knighthelmet	0	1
82	Sherwood Hat	sherwoodhat	0	1
83	Wizard Hat	wizardhat	0	1
84	Princess Braid	princessbraid	0	1
85	Surf Swoop	surfswoop	0	1
86	Sundae Swirl	sundaeswirl	0	1
87	All-Star Curls	allstarcurls	0	1
88	Shock of Hair	shockofhair	0	1
89	Chocolate Beret	chocolateberet	0	1
90	Touchdown Dome	touchdowndome	0	1
91	Rainbow Fro	rainbowfro	0	1
92	Green 180 Cap	green180cap	0	1
93	Blast Off Cap	blastoffcap	0	1
94	Swing Batta Batta Hat	swingbattabattahat	0	1
95	The High Flyer	thehighflyer	0	1
96	The Workout Curl	theworkoutcurl	0	1
97	Ninja Mask	ninjamask	0	1
98	The Master Hat	themasterhat	0	1
99	Polka Dot Pirate	polkadotpirate	4000	1
100	First Mate Bandana	firstmatebandana	0	1
101	The Stone-Age Roller	thestoneageroller	200	1
102	The Warrior	thewarrior	200	1
104	R2-D2 Helmet	r2d2	200	1
122	R - Dig Helmet	dighelmet	0	1
123	Pumpkin Lid	pumpkincap	0	1
127	Golden Headphones	goldenheadphones	0	1
139	Mining Helmet	mininghelmet	200	1
140	Safari Hat	safarihat	200	1
141	Adventurer's Fedora	adventurersfedora	200	1
142	Polka Puffle Hat	polkapufflehat	0	1
147	Sheriff Stetson	sheriffstetson	4000	1
148	Quasar Helmet	quasarhelmet	4000	1
149	Aviator Hat	aviatorhat	200	1
150	4 Quart Pot	4quartpot	200	1
151	Flap Hat	flaphat	200	1
152	Chef's Hat	chefshat	200	1
157	Rainbow Matrix Hat	rainbowmatrixhat	0	1
158	Drum Roll	drumroll	0	1
159	Swashbuckler Hat	swashbuckler	0	1
