# color	kind	id	name	asset	cost	food	rest	happy	clean	reaction
0	normal	27	Ball	ball	0	-2	-2	30	-5	2
0	super	15	Blue Puffle's Bouncy Ball	super_ball	200	-5	-5	40	-10	2
1	normal	29	Bowling Pins	bowling_pins	0	-2	-2	30	-5	2
1	super	14	Red Puffle's Cannon	super_cannon	200	-5	-5	40	-10	2
2	normal	28	Skipping Rope	skiprope	0	-2	-2	30	-5	2
2	super	21	Pink Puffle's Trampoline	super_trampoline	200	-5	-5	40	-10	2
3	normal	31	Skateboard	skateboard	0	-2	-2	30	-5	2
3	super	19	Black Puffle's Hot Sauce	super_hotsauce	200	-5	-5	40	-10	2
4	normal	30	Unicycle	unicycle	0	-2	-2	30	-5	2
4	super	16	Green Puffle's Propellor Cap	super_propellorcap	200	-5	-5	40	-10	2
5	normal	35	Bubble Wand	bubblewand	0	-2	-2	30	-5	2
5	super	17	Purple Puffle's Disco Ball	super_disco_ball	200	-5	-5	40	-10	2
6	normal	32	Paint Brush	paintbrush	0	-2	-2	30	-5	2
6	super	18	Yellow Puffle's Director's Chair & Camera	super_directorchair	200	-5	-5	40	-10	2
7	normal	33	Snowflake	snowflake	0	-2	-2	30	-5	2
7	super	20	White Puffle's Skate	super_skate	200	-5	-5	40	-10	2
8	normal	34	Hoolahoop	hoolahoop	0	-2	-2	30	-5	2
8	super	23	Orange Puffle's Wagon	super_wagon	200	-5	-5	40	-10	2
9	normal	36	Plasma Ball	plasma_ball	0	-2	-2	30	-5	2
9	super	22	Brown Puffle's Rocket	super_rocket	200	-5	-5	40	-10	2
10	normal	103	Super Cloud Toy	super_cloud_toy	0	-2	-2	30	-5	2
10	super	134	Rainbow Puffle's Royal Throne	super_royal_throne	200	-5	-5	40	-10	2
11	normal	125	Gold Jackhammer	goldjackhammer	0	-2	-2	30	-5	2
11	super	133	Gold Puffle's Dump Truck	super_dump_truck	200	-5	-5	40	-10	2
