# page	slot	name	cost
0	0	Hard Hat	50
0	1	Green Cap	200
0	2	Pink Cap	200
0	3	Pilgrim Hat	200
0	4	Top Hat	350
0	5	Chef Hat	50
0	6	Jester Hat	250
0	7	Blue Earmuffs	250
0	8	Red Cap	200
0	9	Blue Cap	200
0	10	Admiral's Hat	400
0	11	The Part	0
1	0	Wetsuit	450
1	1	Jean Jacket	450
1	2	Ballerina	450
1	3	Leprechaun Tuxedo	560
1	4	Red Letterman Jacket	550
1	5	Lifeguard Shirt	180
1	6	Firefighter Jacket	380
1	7	Safety Vest	200
1	8	Ski Patrol Jacket	600
1	9	No Fuss Denim Jacket	400
1	10	Green Tuff Jacket	400
1	11	Pink Sled Coat	0
2	0	Brown Shoes	400
2	1	Black Sneakers	250
2	2	Ballet Shoes	180
2	3	Blue Sneakers	250
2	4	Running Shoes	300
2	5	Yellow Sandals	150
2	6	Winter Boots	450
2	7	Bunny Slippers	200
2	8	Cowboy Boots	300
2	9	Elf Shoes	170
2	10	Cotton Sandals	150
2	11	Pink Canvas Shoes	0
3	0	Green	20
3	1	Pink	20
3	2	Black	20
3	3	Peach	20
3	4	Dark Green	20
3	5	Light Blue	20
3	6	Lime Green	20
3	7	Aqua	20
3	8	Gray	20
3	9	Red	20
3	10	Orange	20
3	11	Yellow	20
3	12	Dark Purple	20
3	13	Brown	20
3	14	Blue	20
4	0	Oliver Tree Full Look	0
4	1	White Diva Sunglasses	225
4	2	Aviator Sunglasses	50
4	3	Pink Diva Shades	125
4	4	Blue Aviator Shades	200
4	5	Indigo Sunglasses	50
4	6	Golden Shades	100
4	7	Giant White Sunglasses	200
4	8	Pixel Shades	1500
4	9	Pink Starglasses	100
4	10	Blue Face Paint	50
4	11	Yellow Face Paint	50
