# page	id	type	name	cost
2	719	5	Basketball	300
2	726	5	Football	300
2	727	5	Soccer Ball	300
2	836	1	Red Basketball Jersey	600
2	837	1	Blue Basketball Jersey	600
3	792	1	Blue Baseball Uniform	600
3	791	1	Red Baseball Uniform	600
3	435	0	Red Ball Cap	200
3	436	0	Blue Ball Cap	200
3	717	5	Baseball Glove	300
4	349	5	Tennis Racket	250
4	775	1	Red Soccer Jersey	600
4	254	1	Red Cheerleader Uniform	350
4	255	1	Blue Cheerleader Uniform	350
4	778	1	Blue Soccer Jersey	600
4	385	2	Cleats	250
5	321	5	Flashing Lure Fishing Rod	200
6	701	5	Flame Surfboard	400
6	702	5	Daisy Surfboard	400
6	703	5	Silver Surfboard	800
7	712	5	Pink Striped Wakeboard	300
7	711	5	Yellow Arrow Wakeboard	300
7	993	6	Sports Background	60
7	918	6	Soccer Background	60
7	965	6	Baseball Background	60
8	303	7	Baseball Base	100
8	290	7	Basketball Net	320
8	291	7	Scoreboard	520
8	302	7	Home Plate	150
8	289	7	Cricket Wickets	225
