cell	name	source	sha256	operation
0	brawl-cell-0	roster-concepts.png	41364129b48379d62e5672f9cb99cd626cce79d62bf65240e47be191d910914d	crop-quantize-rgb565
1	brawl-cell-1	roster-concepts.png	41364129b48379d62e5672f9cb99cd626cce79d62bf65240e47be191d910914d	crop-quantize-rgb565
2	brawl-cell-2	roster-concepts.png	41364129b48379d62e5672f9cb99cd626cce79d62bf65240e47be191d910914d	crop-quantize-rgb565
3	brawl-cell-3	roster-concepts.png	41364129b48379d62e5672f9cb99cd626cce79d62bf65240e47be191d910914d	crop-quantize-rgb565
4	brawl-cell-4	roster-concepts.png	41364129b48379d62e5672f9cb99cd626cce79d62bf65240e47be191d910914d	crop-quantize-rgb565
5	brawl-cell-5	roster-concepts.png	41364129b48379d62e5672f9cb99cd626cce79d62bf65240e47be191d910914d	crop-quantize-rgb565
6	brawl-cell-6	roster-concepts.png	41364129b48379d62e5672f9cb99cd626cce79d62bf65240e47be191d910914d	crop-quantize-rgb565
7	brawl-cell-7	roster-concepts.png	41364129b48379d62e5672f9cb99cd626cce79d62bf65240e47be191d910914d	crop-quantize-rgb565
8	brawl-cell-8	roster-concepts.png	41364129b48379d62e5672f9cb99cd626cce79d62bf65240e47be191d910914d	crop-quantize-rgb565
9	brawl-cell-9	roster-concepts.png	41364129b48379d62e5672f9cb99cd626cce79d62bf65240e47be191d910914d	crop-quantize-rgb565
10	brawl-cell-10	roster-concepts.png	41364129b48379d62e5672f9cb99cd626cce79d62bf65240e47be191d910914d	crop-quantize-rgb565
11	brawl-cell-11	roster-concepts.png	41364129b48379d62e5672f9cb99cd626cce79d62bf65240e47be191d910914d	crop-quantize-rgb565
12	brawl-cell-12	roster-concepts.png	41364129b48379d62e5672f9cb99cd626cce79d62bf65240e47be191d910914d	crop-quantize-rgb565
13	brawl-cell-13	roster-concepts.png	41364129b48379d62e5672f9cb99cd626cce79d62bf65240e47be191d910914d	crop-quantize-rgb565
14	brawl-cell-14	roster-concepts.png	41364129b48379d62e5672f9cb99cd626cce79d62bf65240e47be191d910914d	crop-quantize-rgb565
15	brawl-cell-15	roster-concepts.png	41364129b48379d62e5672f9cb99cd626cce79d62bf65240e47be191d910914d	crop-quantize-rgb565
16	brawl-cell-16	roster-concepts.png	41364129b48379d62e5672f9cb99cd626cce79d62bf65240e47be191d910914d	crop-quantize-rgb565
17	brawl-cell-17	roster-concepts.png	41364129b48379d62e5672f9cb99cd626cce79d62bf65240e47be191d910914d	crop-quantize-rgb565
18	brawl-cell-18	roster-concepts.png	41364129b48379d62e5672f9cb99cd626cce79d62bf65240e47be191d910914d	crop-quantize-rgb565
19	brawl-cell-19	roster-concepts.png	41364129b48379d62e5672f9cb99cd626cce79d62bf65240e47be191d910914d	crop-quantize-rgb565
20	brawl-cell-20	roster-concepts.png	41364129b48379d62e5672f9cb99cd626cce79d62bf65240e47be191d910914d	crop-quantize-rgb565
