plugin	kind	source
2048	rockbox-manual-screenshot	manual/plugins/images/ss-2048-320x240x16.png
amaze	rockbox-manual-screenshot	manual/plugins/images/ss-amaze-320x240x16.png
blackjack	rockbox-manual-screenshot	manual/plugins/images/ss-blackjack-320x240x16.png
brickmania	rockbox-manual-screenshot	manual/plugins/images/ss-brickmania-320x240x16.png
bubbles	rockbox-manual-screenshot	manual/plugins/images/ss-bubbles-320x240x16.png
chessbox	rockbox-manual-screenshot	manual/plugins/images/ss-chessbox-320x240x16.png
chopper	rockbox-manual-screenshot	manual/plugins/images/ss-chopper-320x240x16.png
clix	rockbox-manual-screenshot	manual/plugins/images/ss-clix-320x240x16.png
codebuster	rockbox-manual-screenshot	manual/plugins/images/ss-codebuster-320x240x16.png
doom	rockbox-manual-screenshot	manual/plugins/images/ss-doom-320x240x16.png
doom_play	rockbox-manual-screenshot	manual/plugins/images/ss-doom-320x240x16.png
flipit	rockbox-manual-screenshot	manual/plugins/images/ss-flipit-320x240x16.png
goban	rockbox-manual-screenshot	manual/plugins/images/ss-goban-320x240x16.png
invadrox	rockbox-manual-screenshot	manual/plugins/images/ss-invadrox-320x240x16.png
jackpot	rockbox-manual-screenshot	manual/plugins/images/ss-jackpot-320x240x16.png
jewels	rockbox-manual-screenshot	manual/plugins/images/ss-jewels-320x240x16.png
mazezam	rockbox-manual-screenshot	manual/plugins/images/ss-mazezam-320x240x16.png
minesweeper	rockbox-manual-screenshot	manual/plugins/images/ss-minesweeper-320x240x16.png
pacbox	rockbox-manual-screenshot	manual/plugins/images/ss-pacbox-320x240x16.png
pegbox	rockbox-manual-screenshot	manual/plugins/images/ss-pegbox-320x240x16.png
pong	rockbox-manual-screenshot	manual/plugins/images/ss-pong-320x240x16.png
robotfindskitten	rockbox-manual-screenshot	manual/plugins/images/ss-robotfindskitten-320x240x16.png
rockblox	rockbox-manual-screenshot	manual/plugins/images/ss-rockblox-320x240x16.png
rockboy	rockbox-manual-screenshot	manual/plugins/images/ss-rockboy-320x240x16.png
sliding_puzzle	rockbox-manual-screenshot	manual/plugins/images/ss-sliding-320x240x16.png
snake	rockbox-manual-screenshot	manual/plugins/images/ss-snake-320x240x16.png
snake2	rockbox-manual-screenshot	manual/plugins/images/ss-snake2-320x240x16.png
sokoban	rockbox-manual-screenshot	manual/plugins/images/ss-sokoban-320x240x16.png
solitaire	rockbox-manual-screenshot	manual/plugins/images/ss-solitaire-320x240x16.png
spacerocks	rockbox-manual-screenshot	manual/plugins/images/ss-spacerocks-320x240x16.png
star	rockbox-manual-screenshot	manual/plugins/images/ss-star-320x240x16.png
sudoku	rockbox-manual-screenshot	manual/plugins/images/ss-sudoku-320x240x16.png
wormlet	rockbox-manual-screenshot	manual/plugins/images/ss-wormlet-320x240x16.png
xobox	rockbox-manual-screenshot	manual/plugins/images/ss-xobox-320x240x16.png
xrick	rockbox-manual-screenshot	manual/plugins/images/ss-xrick-320x240x16.png
clubpenguin	existing-cover	assets/ipodjs/rockbox/clubpenguin/covers/Club Penguin.bmp
runescape_classic	existing-cover	assets/ipodjs/rockbox/runescape_classic/covers/RuneScape Classic.bmp
arduboy	generated-typographic-cover	Arduboy / Game Launcher
cdogs	generated-typographic-cover	C-Dogs / SDL Classic
dice	generated-typographic-cover	Dice / Rockbox Game
maze	generated-typographic-cover	Maze / Rockbox Game
pocketcatch	generated-typographic-cover	PocketCatch / Adventure
pokemini	generated-typographic-cover	Pokemon Mini / Emulator
pokemini_launcher	generated-typographic-cover	Pokemon Mini / Launcher
reversi	generated-typographic-cover	Reversi / Board Game
rockblox1d	generated-typographic-cover	Rockblox 1D / Rockbox Game
rockboy_launcher	generated-typographic-cover	Game Cover Flow / Rockbox Library
runepod	generated-typographic-cover	RunePod / Adventure
smsgg	generated-typographic-cover	Sega Master System / Game Gear
superdom	generated-typographic-cover	Superdom / Strategy
tamagotchi	generated-typographic-cover	Tamagotchi / Virtual Pet
wwe_backstage	generated-typographic-cover	WWE Backstage / Survival
xworld	generated-typographic-cover	XWorld / Adventure
sgt-blackbox	generated-typographic-cover	Black Box / Puzzle Collection
sgt-bridges	generated-typographic-cover	Bridges / Puzzle Collection
sgt-cube	rockbox-manual-screenshot	manual/plugins/images/ss-puzzles-cube-320x240x16.png
sgt-dominosa	generated-typographic-cover	Dominosa / Puzzle Collection
sgt-fifteen	generated-typographic-cover	Fifteen / Puzzle Collection
sgt-filling	generated-typographic-cover	Filling / Puzzle Collection
sgt-flip	generated-typographic-cover	Flip / Puzzle Collection
sgt-flood	generated-typographic-cover	Flood / Puzzle Collection
sgt-galaxies	generated-typographic-cover	Galaxies / Puzzle Collection
sgt-group	generated-typographic-cover	Group / Puzzle Collection
sgt-guess	generated-typographic-cover	Guess / Puzzle Collection
sgt-inertia	generated-typographic-cover	Inertia / Puzzle Collection
sgt-keen	generated-typographic-cover	Keen / Puzzle Collection
sgt-lightup	generated-typographic-cover	Light Up / Puzzle Collection
sgt-loopy	generated-typographic-cover	Loopy / Puzzle Collection
sgt-magnets	generated-typographic-cover	Magnets / Puzzle Collection
sgt-map	rockbox-manual-screenshot	manual/plugins/images/ss-puzzles-map-320x240x16.png
sgt-mines	generated-typographic-cover	Mines / Puzzle Collection
sgt-mosaic	rockbox-manual-screenshot	manual/plugins/images/ss-mosaic-320x240x16.png
sgt-net	generated-typographic-cover	Net / Puzzle Collection
sgt-netslide	generated-typographic-cover	Netslide / Puzzle Collection
sgt-palisade	generated-typographic-cover	Palisade / Puzzle Collection
sgt-pattern	generated-typographic-cover	Pattern / Puzzle Collection
sgt-pearl	generated-typographic-cover	Pearl / Puzzle Collection
sgt-pegs	generated-typographic-cover	Pegs / Puzzle Collection
sgt-range	generated-typographic-cover	Range / Puzzle Collection
sgt-rect	generated-typographic-cover	Rectangles / Puzzle Collection
sgt-samegame	generated-typographic-cover	SameGame / Puzzle Collection
sgt-signpost	generated-typographic-cover	Signpost / Puzzle Collection
sgt-singles	generated-typographic-cover	Singles / Puzzle Collection
sgt-sixteen	generated-typographic-cover	Sixteen / Puzzle Collection
sgt-slant	generated-typographic-cover	Slant / Puzzle Collection
sgt-slide	generated-typographic-cover	Slide / Puzzle Collection
sgt-sokoban	generated-typographic-cover	Sokoban / Puzzle Collection
sgt-solo	generated-typographic-cover	Solo / Puzzle Collection
sgt-tents	generated-typographic-cover	Tents / Puzzle Collection
sgt-towers	generated-typographic-cover	Towers / Puzzle Collection
sgt-tracks	generated-typographic-cover	Tracks / Puzzle Collection
sgt-twiddle	generated-typographic-cover	Twiddle / Puzzle Collection
sgt-undead	generated-typographic-cover	Undead / Puzzle Collection
sgt-unequal	generated-typographic-cover	Unequal / Puzzle Collection
sgt-unruly	generated-typographic-cover	Unruly / Puzzle Collection
sgt-untangle	generated-typographic-cover	Untangle / Puzzle Collection
doom	online-cover	https://en.wikipedia.org/wiki/Doom_(1993_video_game)
doom_play	online-cover	https://en.wikipedia.org/wiki/Doom_(1993_video_game)
clubpenguin	online-logo	https://en.wikipedia.org/wiki/Club_Penguin
ipodhero	existing-cover	assets/ipodhero/local/device-package/skins/foo-fighters/background.bmp + logo.bmp
