album,local_status,source,device_status,device_path
4 - Foreigner,existing,/home/david/Music/4 - Foreigner/cover.jpg,device_up_to_date,/run/media/david/DAVID_S IPO/Music/4 - Foreigner/cover.jpg
7 Years - Lukas Graham,existing,/home/david/Music/7 Years - Lukas Graham/cover.jpg,device_up_to_date,/run/media/david/DAVID_S IPO/Music/7 Years - Lukas Graham/cover.jpg
A Hard Day's Night,existing,/home/david/Music/A Hard Day's Night/cover.jpg,device_up_to_date,/run/media/david/DAVID_S IPO/Music/A Hard Day's Night/cover.jpg
A Momentary Lapse of Reason - Pink Floyd,existing,/home/david/Music/A Momentary Lapse of Reason - Pink Floyd/cover.jpg,device_up_to_date,/run/media/david/DAVID_S IPO/Music/A Momentary Lapse of Reason - Pink Floyd/cover.jpg
A Question Of Balance - The Moody Blues,existing,/home/david/Music/A Question Of Balance - The Moody Blues/cover.jpg,device_up_to_date,/run/media/david/DAVID_S IPO/Music/A Question Of Balance - The Moody Blues/cover.jpg
A Toot In an Snore in 74',existing,/home/david/Music/A Toot In an Snore in 74'/cover.jpg,device_up_to_date,/run/media/david/DAVID_S IPO/Music/A Toot In an Snore in 74'/cover.jpg
AM - Arctic Monkeys,existing,/home/david/Music/AM - Arctic Monkeys/cover.jpg,device_up_to_date,/run/media/david/DAVID_S IPO/Music/AM - Arctic Monkeys/cover.jpg
ATTENTION ATTENTION - Shinedown,existing,/home/david/Music/ATTENTION ATTENTION - Shinedown/cover.jpg,device_up_to_date,/run/media/david/DAVID_S IPO/Music/ATTENTION ATTENTION - Shinedown/cover.jpg
Abbey Road (Remastered) - The Beatles,existing,/home/david/Music/Abbey Road (Remastered) - The Beatles/cover.jpg,device_up_to_date,/run/media/david/DAVID_S IPO/Music/Abbey Road (Remastered) - The Beatles/cover.jpg
All Things Must Pass (Remastered 2014) - George Harrison/Disc 1,would_extract_embedded,/home/david/Music/All Things Must Pass (Remastered 2014) - George Harrison/Disc 1/01 - George Harrison - I'd Have You Anytime (Remastered 2014).flac,not_requested,
All Things Must Pass (Remastered 2014) - George Harrison/Disc 2,would_extract_embedded,/home/david/Music/All Things Must Pass (Remastered 2014) - George Harrison/Disc 2/01 - George Harrison - Beware Of Darkness (Remastered 2014).flac,not_requested,
All the Right Reasons - Nickelback,existing,/home/david/Music/All the Right Reasons - Nickelback/cover.jpg,device_up_to_date,/run/media/david/DAVID_S IPO/Music/All the Right Reasons - Nickelback/cover.jpg
Alone In A Crowd - Oliver Tree,existing,/home/david/Music/Alone In A Crowd - Oliver Tree/cover.jpg,device_up_to_date,/run/media/david/DAVID_S IPO/Music/Alone In A Crowd - Oliver Tree/cover.jpg
Amaryllis - Shinedown,existing,/home/david/Music/Amaryllis - Shinedown/cover.jpg,device_up_to_date,/run/media/david/DAVID_S IPO/Music/Amaryllis - Shinedown/cover.jpg
American Idiot - Green Day,existing,/home/david/Music/American Idiot - Green Day/cover.jpg,device_up_to_date,/run/media/david/DAVID_S IPO/Music/American Idiot - Green Day/cover.jpg
Americana - The Offspring,existing,/home/david/Music/Americana - The Offspring/cover.jpg,device_up_to_date,/run/media/david/DAVID_S IPO/Music/Americana - The Offspring/cover.jpg
Animals - Pink Floyd,existing,/home/david/Music/Animals - Pink Floyd/cover.jpg,device_up_to_date,/run/media/david/DAVID_S IPO/Music/Animals - Pink Floyd/cover.jpg
Avril.Lavigne.-.Let.Go.(2002).FLAC-LaR,existing,/home/david/Music/Avril.Lavigne.-.Let.Go.(2002).FLAC-LaR/cover.jpg,device_up_to_date,/run/media/david/DAVID_S IPO/Music/Avril.Lavigne.-.Let.Go.(2002).FLAC-LaR/cover.jpg
Awake (Deluxe Edition) - Skillet,existing,/home/david/Music/Awake (Deluxe Edition) - Skillet/cover.jpg,device_up_to_date,/run/media/david/DAVID_S IPO/Music/Awake (Deluxe Edition) - Skillet/cover.jpg
BADLANDS (Deluxe) - Halsey,existing,/home/david/Music/BADLANDS (Deluxe) - Halsey/cover.jpg,device_up_to_date,/run/media/david/DAVID_S IPO/Music/BADLANDS (Deluxe) - Halsey/cover.jpg
Bachman-Turner Overdrive II - Bachman-Turner Overdrive,existing,/home/david/Music/Bachman-Turner Overdrive II - Bachman-Turner Overdrive/cover.jpg,device_up_to_date,/run/media/david/DAVID_S IPO/Music/Bachman-Turner Overdrive II - Bachman-Turner Overdrive/cover.jpg
Back From the Dead - Halestorm,existing,/home/david/Music/Back From the Dead - Halestorm/cover.jpg,device_up_to_date,/run/media/david/DAVID_S IPO/Music/Back From the Dead - Halestorm/cover.jpg
Back Into Your System - Saliva,existing,/home/david/Music/Back Into Your System - Saliva/cover.jpg,device_up_to_date,/run/media/david/DAVID_S IPO/Music/Back Into Your System - Saliva/cover.jpg
Band On The Run - Paul McCartney,existing,/home/david/Music/Band On The Run - Paul McCartney/cover.jpg,device_up_to_date,/run/media/david/DAVID_S IPO/Music/Band On The Run - Paul McCartney/cover.jpg
Bat Out Of Hell - Meat Loaf,existing,/home/david/Music/Bat Out Of Hell - Meat Loaf/cover.jpg,device_up_to_date,/run/media/david/DAVID_S IPO/Music/Bat Out Of Hell - Meat Loaf/cover.jpg
Billy Talent - Billy Talent,existing,/home/david/Music/Billy Talent - Billy Talent/cover.jpg,device_up_to_date,/run/media/david/DAVID_S IPO/Music/Billy Talent - Billy Talent/cover.jpg
Blood Sugar Sex Magik (Deluxe Edition) - Red Hot Chili Peppers,existing,/home/david/Music/Blood Sugar Sex Magik (Deluxe Edition) - Red Hot Chili Peppers/cover.jpg,device_up_to_date,/run/media/david/DAVID_S IPO/Music/Blood Sugar Sex Magik (Deluxe Edition) - Red Hot Chili Peppers/cover.jpg
Boston - BosTon,existing,/home/david/Music/Boston - BosTon/cover.jpg,device_up_to_date,/run/media/david/DAVID_S IPO/Music/Boston - BosTon/cover.jpg
Bu-ikikaesu - Maximum The Hormone,existing,/home/david/Music/Bu-ikikaesu - Maximum The Hormone/cover.jpg,device_up_to_date,/run/media/david/DAVID_S IPO/Music/Bu-ikikaesu - Maximum The Hormone/cover.jpg
By the Way (Deluxe Edition) - Red Hot Chili Peppers,existing,/home/david/Music/By the Way (Deluxe Edition) - Red Hot Chili Peppers/cover.jpg,device_up_to_date,/run/media/david/DAVID_S IPO/Music/By the Way (Deluxe Edition) - Red Hot Chili Peppers/cover.jpg
Cage The Elephant (Expanded Edition) - Cage The Elephant,existing,/home/david/Music/Cage The Elephant (Expanded Edition) - Cage The Elephant/cover.jpg,device_up_to_date,/run/media/david/DAVID_S IPO/Music/Cage The Elephant (Expanded Edition) - Cage The Elephant/cover.jpg
Californication (Deluxe Edition) - Red Hot Chili Peppers,existing,/home/david/Music/Californication (Deluxe Edition) - Red Hot Chili Peppers/cover.jpg,device_up_to_date,/run/media/david/DAVID_S IPO/Music/Californication (Deluxe Edition) - Red Hot Chili Peppers/cover.jpg
Cannot Help Myself - Emma Blackery,existing,/home/david/Music/Cannot Help Myself - Emma Blackery/cover.jpg,device_up_to_date,/run/media/david/DAVID_S IPO/Music/Cannot Help Myself - Emma Blackery/cover.jpg
Celebrity Skin - Emma Blackery,existing,/home/david/Music/Celebrity Skin - Emma Blackery/cover.jpg,device_up_to_date,/run/media/david/DAVID_S IPO/Music/Celebrity Skin - Emma Blackery/cover.jpg
Cheap Thrills -Janis Joplin,existing,/home/david/Music/Cheap Thrills -Janis Joplin/cover.jpg,device_up_to_date,/run/media/david/DAVID_S IPO/Music/Cheap Thrills -Janis Joplin/cover.jpg
Chocolate Starfish And The Hot Dog Flavored Water - Limp Bizkit 2,existing,/home/david/Music/Chocolate Starfish And The Hot Dog Flavored Water - Limp Bizkit 2/cover.jpg,device_up_to_date,/run/media/david/DAVID_S IPO/Music/Chocolate Starfish And The Hot Dog Flavored Water - Limp Bizkit 2/cover.jpg
Cloud Nine - George Harrison,existing,/home/david/Music/Cloud Nine - George Harrison/cover.jpg,device_up_to_date,/run/media/david/DAVID_S IPO/Music/Cloud Nine - George Harrison/cover.jpg
Concrete and Gold - Foo Fighters,existing,/home/david/Music/Concrete and Gold - Foo Fighters/cover.jpg,device_up_to_date,/run/media/david/DAVID_S IPO/Music/Concrete and Gold - Foo Fighters/cover.jpg
Cowboy Tears - Oliver Tree,existing,/home/david/Music/Cowboy Tears - Oliver Tree/cover.jpg,device_up_to_date,/run/media/david/DAVID_S IPO/Music/Cowboy Tears - Oliver Tree/cover.jpg
Crisis Of Faith - Billy Talent,existing,/home/david/Music/Crisis Of Faith - Billy Talent/cover.jpg,device_up_to_date,/run/media/david/DAVID_S IPO/Music/Crisis Of Faith - Billy Talent/cover.jpg
Cry Baby - Melanie Martinez,existing,/home/david/Music/Cry Baby - Melanie Martinez/cover.jpg,device_up_to_date,/run/media/david/DAVID_S IPO/Music/Cry Baby - Melanie Martinez/cover.jpg
Currents - Tame Impala,existing,/home/david/Music/Currents - Tame Impala/cover.jpg,device_up_to_date,/run/media/david/DAVID_S IPO/Music/Currents - Tame Impala/cover.jpg
Dark Horse - Nickelback,existing,/home/david/Music/Dark Horse - Nickelback/cover.jpg,device_up_to_date,/run/media/david/DAVID_S IPO/Music/Dark Horse - Nickelback/cover.jpg
Dead Silence - Billy Talent,existing,/home/david/Music/Dead Silence - Billy Talent/cover.jpg,device_up_to_date,/run/media/david/DAVID_S IPO/Music/Dead Silence - Billy Talent/cover.jpg
Deadbeat  Tame Impala,would_extract_embedded,/home/david/Music/Deadbeat  Tame Impala/Afterthought - Tame Impala.mp3,not_requested,
Death By Rock And Roll - The Pretty Reckless,existing,/home/david/Music/Death By Rock And Roll - The Pretty Reckless/cover.jpg,device_up_to_date,/run/media/david/DAVID_S IPO/Music/Death By Rock And Roll - The Pretty Reckless/cover.jpg
Demon Days - Gorillaz,existing,/home/david/Music/Demon Days - Gorillaz/cover.jpg,device_up_to_date,/run/media/david/DAVID_S IPO/Music/Demon Days - Gorillaz/cover.jpg
Distant Worlds II - Purrple Cat,existing,/home/david/Music/Distant Worlds II - Purrple Cat/cover.jpg,device_up_to_date,/run/media/david/DAVID_S IPO/Music/Distant Worlds II - Purrple Cat/cover.jpg
Egypt Station - Paul McCartney,existing,/home/david/Music/Egypt Station - Paul McCartney/cover.jpg,device_up_to_date,/run/media/david/DAVID_S IPO/Music/Egypt Station - Paul McCartney/cover.jpg
Electric Jewels - April Wine,existing,/home/david/Music/Electric Jewels - April Wine/cover.jpg,device_up_to_date,/run/media/david/DAVID_S IPO/Music/Electric Jewels - April Wine/cover.jpg
Enema Of The State - blink-182,existing,/home/david/Music/Enema Of The State - blink-182/cover.jpg,device_up_to_date,/run/media/david/DAVID_S IPO/Music/Enema Of The State - blink-182/cover.jpg
Every Good Boy Deserves Favour - The Moody Blues,existing,/home/david/Music/Every Good Boy Deserves Favour - The Moody Blues/cover.jpg,device_up_to_date,/run/media/david/DAVID_S IPO/Music/Every Good Boy Deserves Favour - The Moody Blues/cover.jpg
Every Six Seconds - Saliva,existing,/home/david/Music/Every Six Seconds - Saliva/cover.jpg,device_up_to_date,/run/media/david/DAVID_S IPO/Music/Every Six Seconds - Saliva/cover.jpg
Fallen - Evanescence,existing,/home/david/Music/Fallen - Evanescence/cover.jpg,device_up_to_date,/run/media/david/DAVID_S IPO/Music/Fallen - Evanescence/cover.jpg
Finger Eleven - finger eleven,existing,/home/david/Music/Finger Eleven - finger eleven/cover.jpg,device_up_to_date,/run/media/david/DAVID_S IPO/Music/Finger Eleven - finger eleven/cover.jpg
From Zero - Linkin Park,existing,/home/david/Music/From Zero - Linkin Park/cover.jpg,device_up_to_date,/run/media/david/DAVID_S IPO/Music/From Zero - Linkin Park/cover.jpg
GIMME SOME TRUTH. (Deluxe) - John Lennon,existing,/home/david/Music/GIMME SOME TRUTH. (Deluxe) - John Lennon/cover.jpg,device_up_to_date,/run/media/david/DAVID_S IPO/Music/GIMME SOME TRUTH. (Deluxe) - John Lennon/cover.jpg
Getting Away With Murder (Expanded Edition) - Papa Roach,existing,/home/david/Music/Getting Away With Murder (Expanded Edition) - Papa Roach/cover.jpg,device_up_to_date,/run/media/david/DAVID_S IPO/Music/Getting Away With Murder (Expanded Edition) - Papa Roach/cover.jpg
Girl in a Box - Emma Blackery,existing,/home/david/Music/Girl in a Box - Emma Blackery/cover.jpg,device_up_to_date,/run/media/david/DAVID_S IPO/Music/Girl in a Box - Emma Blackery/cover.jpg
Going To Hell (Deluxe Edition) - The Pretty Reckless,existing,/home/david/Music/Going To Hell (Deluxe Edition) - The Pretty Reckless/cover.jpg,device_up_to_date,/run/media/david/DAVID_S IPO/Music/Going To Hell (Deluxe Edition) - The Pretty Reckless/cover.jpg
HIT ME HARD AND SOFT - Billie Eilish,existing,/home/david/Music/HIT ME HARD AND SOFT - Billie Eilish/cover.jpg,device_up_to_date,/run/media/david/DAVID_S IPO/Music/HIT ME HARD AND SOFT - Billie Eilish/cover.jpg
Halestorm (Deluxe) - Halestorm,existing,/home/david/Music/Halestorm (Deluxe) - Halestorm/cover.jpg,device_up_to_date,/run/media/david/DAVID_S IPO/Music/Halestorm (Deluxe) - Halestorm/cover.jpg
Happier Than Ever - Billie Eilish,existing,/home/david/Music/Happier Than Ever - Billie Eilish/cover.jpg,device_up_to_date,/run/media/david/DAVID_S IPO/Music/Happier Than Ever - Billie Eilish/cover.jpg
Help! (Remastered) - The Beatles,existing,/home/david/Music/Help! (Remastered) - The Beatles/cover.jpg,device_up_to_date,/run/media/david/DAVID_S IPO/Music/Help! (Remastered) - The Beatles/cover.jpg
Hotel California (2013 Remaster) - Eagles,existing,/home/david/Music/Hotel California (2013 Remaster) - Eagles/cover.jpg,device_up_to_date,/run/media/david/DAVID_S IPO/Music/Hotel California (2013 Remaster) - Eagles/cover.jpg
Human - Three Days Grace,existing,/home/david/Music/Human - Three Days Grace/cover.jpg,device_up_to_date,/run/media/david/DAVID_S IPO/Music/Human - Three Days Grace/cover.jpg
Hybrid Theory (Bonus Edition) - Linkin Park,existing,/home/david/Music/Hybrid Theory (Bonus Edition) - Linkin Park/cover.jpg,device_up_to_date,/run/media/david/DAVID_S IPO/Music/Hybrid Theory (Bonus Edition) - Linkin Park/cover.jpg
INSIDE (DELUXE) - Bo Burnham/Disc 1,would_extract_embedded,/home/david/Music/INSIDE (DELUXE) - Bo Burnham/Disc 1/01 - Bo Burnham - Content.flac,not_requested,
INSIDE (DELUXE) - Bo Burnham/Disc 2,would_extract_embedded,/home/david/Music/INSIDE (DELUXE) - Bo Burnham/Disc 2/01 - Bo Burnham - Don't Wanna Know.flac,not_requested,
INSIDE (DELUXE) - Bo Burnham/Disc 3,would_extract_embedded,/home/david/Music/INSIDE (DELUXE) - Bo Burnham/Disc 3/01 - Bo Burnham - Bezos III.flac,not_requested,
INSIDE (DELUXE) - Bo Burnham/Disc 4,would_extract_embedded,/home/david/Music/INSIDE (DELUXE) - Bo Burnham/Disc 4/01 - Bo Burnham - The Inside Waltz.flac,not_requested,
If You Can Believe Your Eyes & Ears - The Mamas and the Papas,existing,/home/david/Music/If You Can Believe Your Eyes & Ears - The Mamas and the Papas/cover.jpg,device_up_to_date,/run/media/david/DAVID_S IPO/Music/If You Can Believe Your Eyes & Ears - The Mamas and the Papas/cover.jpg
In Loving Memory Of - 20th Anniversary Special Edition - Big Wreck,existing,/home/david/Music/In Loving Memory Of - 20th Anniversary Special Edition - Big Wreck/cover.jpg,device_up_to_date,/run/media/david/DAVID_S IPO/Music/In Loving Memory Of - 20th Anniversary Special Edition - Big Wreck/cover.jpg
In Search Of The Lost Chord - The Moody Blues,existing,/home/david/Music/In Search Of The Lost Chord - The Moody Blues/cover.jpg,device_up_to_date,/run/media/david/DAVID_S IPO/Music/In Search Of The Lost Chord - The Moody Blues/cover.jpg
Into the Wild Life (Deluxe) - Halestorm,existing,/home/david/Music/Into the Wild Life (Deluxe) - Halestorm/cover.jpg,device_up_to_date,/run/media/david/DAVID_S IPO/Music/Into the Wild Life (Deluxe) - Halestorm/cover.jpg
Knock Madness - Hopsin,existing,/home/david/Music/Knock Madness - Hopsin/cover.jpg,device_up_to_date,/run/media/david/DAVID_S IPO/Music/Knock Madness - Hopsin/cover.jpg
LIVING THINGS - Linkin Park,existing,/home/david/Music/LIVING THINGS - Linkin Park/cover.jpg,device_up_to_date,/run/media/david/DAVID_S IPO/Music/LIVING THINGS - Linkin Park/cover.jpg
Led Zeppelin IV (Deluxe Edition) - Led Zeppelin/Disc 1,would_extract_embedded,/home/david/Music/Led Zeppelin IV (Deluxe Edition) - Led Zeppelin/Disc 1/01 - Led Zeppelin - Black Dog (Remaster).flac,not_requested,
Led Zeppelin IV (Deluxe Edition) - Led Zeppelin/Disc 2,would_extract_embedded,/home/david/Music/Led Zeppelin IV (Deluxe Edition) - Led Zeppelin/Disc 2/01 - Led Zeppelin - Black Dog (Basic Track with Guitar Overdubs).flac,not_requested,
Let It Be (Remastered) - The Beatles,existing,/home/david/Music/Let It Be (Remastered) - The Beatles/cover.jpg,device_up_to_date,/run/media/david/DAVID_S IPO/Music/Let It Be (Remastered) - The Beatles/cover.jpg
Light It Up - Rev Theory,existing,/home/david/Music/Light It Up - Rev Theory/cover.jpg,device_up_to_date,/run/media/david/DAVID_S IPO/Music/Light It Up - Rev Theory/cover.jpg
Light Me Up - The Pretty Reckless,existing,/home/david/Music/Light Me Up - The Pretty Reckless/cover.jpg,device_up_to_date,/run/media/david/DAVID_S IPO/Music/Light Me Up - The Pretty Reckless/cover.jpg
Lights Out - Rick Astley,existing,/home/david/Music/Lights Out - Rick Astley/cover.jpg,device_up_to_date,/run/media/david/DAVID_S IPO/Music/Lights Out - Rick Astley/cover.jpg
Lindsey Strirling - Shatter Me,existing,/home/david/Music/Lindsey Strirling - Shatter Me/cover.jpg,device_up_to_date,/run/media/david/DAVID_S IPO/Music/Lindsey Strirling - Shatter Me/cover.jpg
LoFi Mix - OSRSBeatz,existing,/home/david/Music/LoFi Mix - OSRSBeatz/cover.jpg,device_up_to_date,/run/media/david/DAVID_S IPO/Music/LoFi Mix - OSRSBeatz/cover.jpg
Lonerism - Tame Impala,existing,/home/david/Music/Lonerism - Tame Impala/cover.jpg,device_up_to_date,/run/media/david/DAVID_S IPO/Music/Lonerism - Tame Impala/cover.jpg
Magical Mystery Tour (Remastered) - The Beatles,existing,/home/david/Music/Magical Mystery Tour (Remastered) - The Beatles/cover.jpg,device_up_to_date,/run/media/david/DAVID_S IPO/Music/Magical Mystery Tour (Remastered) - The Beatles/cover.jpg
Magnetised - Emma Blackery,existing,/home/david/Music/Magnetised - Emma Blackery/cover.jpg,device_up_to_date,/run/media/david/DAVID_S IPO/Music/Magnetised - Emma Blackery/cover.jpg
Melophobia - Cage The Elephant,existing,/home/david/Music/Melophobia - Cage The Elephant/cover.jpg,device_up_to_date,/run/media/david/DAVID_S IPO/Music/Melophobia - Cage The Elephant/cover.jpg
Meteora - Linkin Park,existing,/home/david/Music/Meteora - Linkin Park/cover.jpg,device_up_to_date,/run/media/david/DAVID_S IPO/Music/Meteora - Linkin Park/cover.jpg
Multiverse - Purrple Cat,existing,/home/david/Music/Multiverse - Purrple Cat/cover.jpg,device_up_to_date,/run/media/david/DAVID_S IPO/Music/Multiverse - Purrple Cat/cover.jpg
Music To Be Murdered By - Eminem,existing,/home/david/Music/Music To Be Murdered By - Eminem/cover.jpg,device_up_to_date,/run/media/david/DAVID_S IPO/Music/Music To Be Murdered By - Eminem/cover.jpg
NEPO BABY - Emma Blackery,existing,/home/david/Music/NEPO BABY - Emma Blackery/cover.jpg,device_up_to_date,/run/media/david/DAVID_S IPO/Music/NEPO BABY - Emma Blackery/cover.jpg
Neon Pill - Cage The Elephant,existing,/home/david/Music/Neon Pill - Cage The Elephant/cover.jpg,device_up_to_date,/run/media/david/DAVID_S IPO/Music/Neon Pill - Cage The Elephant/cover.jpg
Nevermind - Nirvana,existing,/home/david/Music/Nevermind - Nirvana/cover.jpg,device_up_to_date,/run/media/david/DAVID_S IPO/Music/Nevermind - Nirvana/cover.jpg
No More Tears (Expanded Edition) - Ozzy Osbourne,existing,/home/david/Music/No More Tears (Expanded Edition) - Ozzy Osbourne/cover.jpg,device_up_to_date,/run/media/david/DAVID_S IPO/Music/No More Tears (Expanded Edition) - Ozzy Osbourne/cover.jpg
Not Fragile - Bachman-Turner Overdrive,existing,/home/david/Music/Not Fragile - Bachman-Turner Overdrive/cover.jpg,device_up_to_date,/run/media/david/DAVID_S IPO/Music/Not Fragile - Bachman-Turner Overdrive/cover.jpg
Now and Then - The Beatles,existing,/home/david/Music/Now and Then - The Beatles/cover.jpg,device_up_to_date,/run/media/david/DAVID_S IPO/Music/Now and Then - The Beatles/cover.jpg
OK ORCHESTRA - AJR,existing,/home/david/Music/OK ORCHESTRA - AJR/cover.jpg,device_up_to_date,/run/media/david/DAVID_S IPO/Music/OK ORCHESTRA - AJR/cover.jpg
Oliver Tree - Love You Madly Hate You Badly (2026),existing,/home/david/Music/Oliver Tree - Love You Madly Hate You Badly (2026)/cover.jpg,device_up_to_date,/run/media/david/DAVID_S IPO/Music/Oliver Tree - Love You Madly Hate You Badly (2026)/cover.jpg
On Record - April Wine,existing,/home/david/Music/On Record - April Wine/cover.jpg,device_up_to_date,/run/media/david/DAVID_S IPO/Music/On Record - April Wine/cover.jpg
On The Threshold Of A Dream - The Moody Blues,existing,/home/david/Music/On The Threshold Of A Dream - The Moody Blues/cover.jpg,device_up_to_date,/run/media/david/DAVID_S IPO/Music/On The Threshold Of A Dream - The Moody Blues/cover.jpg
One-X - Three Days Grace,existing,/home/david/Music/One-X - Three Days Grace/cover.jpg,device_up_to_date,/run/media/david/DAVID_S IPO/Music/One-X - Three Days Grace/cover.jpg
PRISM - Katy Perry,existing,/home/david/Music/PRISM - Katy Perry/cover.jpg,device_up_to_date,/run/media/david/DAVID_S IPO/Music/PRISM - Katy Perry/cover.jpg
Paramore - 2013 - Paramore,would_create_from_sidecar,/home/david/Music/Paramore - 2013 - Paramore/folder.jpg,not_requested,
Paris Paloma - Labour,existing,/home/david/Music/Paris Paloma - Labour/cover.jpg,device_up_to_date,/run/media/david/DAVID_S IPO/Music/Paris Paloma - Labour/cover.jpg
Past Masters (Vols. 1 & 2 _ Remastered) - The Beatles/Disc 1,would_extract_embedded,/home/david/Music/Past Masters (Vols. 1 & 2 _ Remastered) - The Beatles/Disc 1/01 - The Beatles - Love Me Do (Single Version _ Remastered 2009).flac,not_requested,
Past Masters (Vols. 1 & 2 _ Remastered) - The Beatles/Disc 2,would_extract_embedded,/home/david/Music/Past Masters (Vols. 1 & 2 _ Remastered) - The Beatles/Disc 2/01 - The Beatles - Day Tripper (Remastered 2009).flac,not_requested,
Pearl - Janis Joplin,existing,/home/david/Music/Pearl - Janis Joplin/cover.jpg,device_up_to_date,/run/media/david/DAVID_S IPO/Music/Pearl - Janis Joplin/cover.jpg
Pendulum - Creedence Clearwater Revival,existing,/home/david/Music/Pendulum - Creedence Clearwater Revival/cover.jpg,device_up_to_date,/run/media/david/DAVID_S IPO/Music/Pendulum - Creedence Clearwater Revival/cover.jpg
Planet Zero - Shinedown,existing,/home/david/Music/Planet Zero - Shinedown/cover.jpg,device_up_to_date,/run/media/david/DAVID_S IPO/Music/Planet Zero - Shinedown/cover.jpg
Player Select - Starbomb,existing,/home/david/Music/Player Select - Starbomb/cover.jpg,device_up_to_date,/run/media/david/DAVID_S IPO/Music/Player Select - Starbomb/cover.jpg
Please Please Me (Remastered) - The Beatles,existing,/home/david/Music/Please Please Me (Remastered) - The Beatles/cover.jpg,device_up_to_date,/run/media/david/DAVID_S IPO/Music/Please Please Me (Remastered) - The Beatles/cover.jpg
Poets Of The Fall - Carnival Of Rust,existing,/home/david/Music/Poets Of The Fall - Carnival Of Rust/cover.jpg,device_up_to_date,/run/media/david/DAVID_S IPO/Music/Poets Of The Fall - Carnival Of Rust/cover.jpg
Post Traumatic - Mike Shinoda,existing,/home/david/Music/Post Traumatic - Mike Shinoda/cover.jpg,device_up_to_date,/run/media/david/DAVID_S IPO/Music/Post Traumatic - Mike Shinoda/cover.jpg
Ram - Paul McCartney,existing,/home/david/Music/Ram - Paul McCartney/cover.jpg,device_up_to_date,/run/media/david/DAVID_S IPO/Music/Ram - Paul McCartney/cover.jpg
Ramones - Ramones (40th Anniversary Deluxe Edition 2016 Remaster) flac 16-44 78song,existing,/home/david/Music/Ramones - Ramones (40th Anniversary Deluxe Edition 2016 Remaster) flac 16-44 78song/cover.jpg,device_up_to_date,/run/media/david/DAVID_S IPO/Music/Ramones - Ramones (40th Anniversary Deluxe Edition 2016 Remaster) flac 16-44 78song/cover.jpg
Random Access Memories - Daft Punk,existing,/home/david/Music/Random Access Memories - Daft Punk/cover.jpg,device_up_to_date,/run/media/david/DAVID_S IPO/Music/Random Access Memories - Daft Punk/cover.jpg
Raw - Hopsin,existing,/home/david/Music/Raw - Hopsin/cover.jpg,device_up_to_date,/run/media/david/DAVID_S IPO/Music/Raw - Hopsin/cover.jpg
Recovery - Eminem,existing,/home/david/Music/Recovery - Eminem/cover.jpg,device_up_to_date,/run/media/david/DAVID_S IPO/Music/Recovery - Eminem/cover.jpg
Results May Vary - Limp Bizkit,existing,/home/david/Music/Results May Vary - Limp Bizkit/cover.jpg,device_up_to_date,/run/media/david/DAVID_S IPO/Music/Results May Vary - Limp Bizkit/cover.jpg
Return of the Dream Canteen - Red Hot Chili Peppers,existing,/home/david/Music/Return of the Dream Canteen - Red Hot Chili Peppers/cover.jpg,device_up_to_date,/run/media/david/DAVID_S IPO/Music/Return of the Dream Canteen - Red Hot Chili Peppers/cover.jpg
Revolver (Remastered) - The Beatles,existing,/home/david/Music/Revolver (Remastered) - The Beatles/cover.jpg,device_up_to_date,/run/media/david/DAVID_S IPO/Music/Revolver (Remastered) - The Beatles/cover.jpg
Ringo - Ringo Starr,existing,/home/david/Music/Ringo - Ringo Starr/cover.jpg,device_up_to_date,/run/media/david/DAVID_S IPO/Music/Ringo - Ringo Starr/cover.jpg
Riot - Paramore,existing,/home/david/Music/Riot - Paramore/cover.jpg,would_update_device,/run/media/david/DAVID_S IPO/Music/Riot - Paramore/cover.jpg
Riptide - Veronicavon,existing,/home/david/Music/Riptide - Veronicavon/cover.jpg,device_up_to_date,/run/media/david/DAVID_S IPO/Music/Riptide - Veronicavon/cover.jpg
Rubber Soul (Remastered 2009) - The Beatles,existing,/home/david/Music/Rubber Soul (Remastered 2009) - The Beatles/cover.jpg,device_up_to_date,/run/media/david/DAVID_S IPO/Music/Rubber Soul (Remastered 2009) - The Beatles/cover.jpg
Rumours - Fleetwood Mac,existing,/home/david/Music/Rumours - Fleetwood Mac/cover.jpg,device_up_to_date,/run/media/david/DAVID_S IPO/Music/Rumours - Fleetwood Mac/cover.jpg
Scripted - Icon For Hire,existing,/home/david/Music/Scripted - Icon For Hire/cover.jpg,device_up_to_date,/run/media/david/DAVID_S IPO/Music/Scripted - Icon For Hire/cover.jpg
Selling England by the Pound - Genesis,would_create_from_sidecar,/home/david/Music/Selling England by the Pound - Genesis/Cover.jpg,not_requested,
Seventh Sojourn - The Moody Blues,existing,/home/david/Music/Seventh Sojourn - The Moody Blues/cover.jpg,device_up_to_date,/run/media/david/DAVID_S IPO/Music/Seventh Sojourn - The Moody Blues/cover.jpg
Sgt. Pepper's Lonely Hearts Club Band (Remastered) - The Beatles,existing,/home/david/Music/Sgt. Pepper's Lonely Hearts Club Band (Remastered) - The Beatles/cover.jpg,device_up_to_date,/run/media/david/DAVID_S IPO/Music/Sgt. Pepper's Lonely Hearts Club Band (Remastered) - The Beatles/cover.jpg
She's THAT! - Emma Blackery,existing,/home/david/Music/She's THAT! - Emma Blackery/cover.jpg,device_up_to_date,/run/media/david/DAVID_S IPO/Music/She's THAT! - Emma Blackery/cover.jpg
Smash - The Offspring,existing,/home/david/Music/Smash - The Offspring/cover.jpg,device_up_to_date,/run/media/david/DAVID_S IPO/Music/Smash - The Offspring/cover.jpg
Social Cues - Cage The Elephant,existing,/home/david/Music/Social Cues - Cage The Elephant/cover.jpg,device_up_to_date,/run/media/david/DAVID_S IPO/Music/Social Cues - Cage The Elephant/cover.jpg
Stadium Arcadium (2014 Remaster) - Red Hot Chili Peppers,existing,/home/david/Music/Stadium Arcadium (2014 Remaster) - Red Hot Chili Peppers/cover.jpg,device_up_to_date,/run/media/david/DAVID_S IPO/Music/Stadium Arcadium (2014 Remaster) - Red Hot Chili Peppers/cover.jpg
Starbomb - Starbomb,existing,/home/david/Music/Starbomb - Starbomb/cover.jpg,device_up_to_date,/run/media/david/DAVID_S IPO/Music/Starbomb - Starbomb/cover.jpg
Sucks to Be You - Emma Blackery,existing,/home/david/Music/Sucks to Be You - Emma Blackery/cover.jpg,device_up_to_date,/run/media/david/DAVID_S IPO/Music/Sucks to Be You - Emma Blackery/cover.jpg
Sunnify,would_extract_embedded,/home/david/Music/Sunnify/American Pie - Don McLean.mp3,not_requested,
Supernatural (Remastered) - Santana,existing,/home/david/Music/Supernatural (Remastered) - Santana/cover.jpg,device_up_to_date,/run/media/david/DAVID_S IPO/Music/Supernatural (Remastered) - Santana/cover.jpg
THE E.N.D. (THE ENERGY NEVER DIES) - Black Eyed Peas,existing,/home/david/Music/THE E.N.D. (THE ENERGY NEVER DIES) - Black Eyed Peas/cover.jpg,device_up_to_date,/run/media/david/DAVID_S IPO/Music/THE E.N.D. (THE ENERGY NEVER DIES) - Black Eyed Peas/cover.jpg
Teenage Dirtbag - Wheatus,existing,/home/david/Music/Teenage Dirtbag - Wheatus/cover.jpg,device_up_to_date,/run/media/david/DAVID_S IPO/Music/Teenage Dirtbag - Wheatus/cover.jpg
Teenage Dream - Katy Perry,existing,/home/david/Music/Teenage Dream - Katy Perry/cover.jpg,device_up_to_date,/run/media/david/DAVID_S IPO/Music/Teenage Dream - Katy Perry/cover.jpg
Tell Me I'm Pretty - Cage The Elephant,would_create_from_sidecar,/home/david/Music/Tell Me I'm Pretty - Cage The Elephant/cover.jpeg,not_requested,
Tell Me Why - Robb Nash,existing,/home/david/Music/Tell Me Why - Robb Nash/cover.jpg,device_up_to_date,/run/media/david/DAVID_S IPO/Music/Tell Me Why - Robb Nash/cover.jpg
Thank You Happy Birthday - Cage The Elephant,existing,/home/david/Music/Thank You Happy Birthday - Cage The Elephant/cover.jpg,device_up_to_date,/run/media/david/DAVID_S IPO/Music/Thank You Happy Birthday - Cage The Elephant/cover.jpg
The Beatles (White Album)/The Beatles (White Album) [Disc 1],would_extract_embedded,/home/david/Music/The Beatles (White Album)/The Beatles (White Album) [Disc 1]/01 Back In The U.S.S.R..mp3,not_requested,
The Beatles (White Album)/The Beatles (White Album) [Disc 2],would_extract_embedded,/home/david/Music/The Beatles (White Album)/The Beatles (White Album) [Disc 2]/01 Birthday.mp3,not_requested,
The Beatles - Get Back (Rooftop Performance) (2022),existing,/home/david/Music/The Beatles - Get Back (Rooftop Performance) (2022)/cover.jpg,device_up_to_date,/run/media/david/DAVID_S IPO/Music/The Beatles - Get Back (Rooftop Performance) (2022)/cover.jpg
The Boys of Dungeon Lane  Paul McCartney,would_extract_embedded,/home/david/Music/The Boys of Dungeon Lane  Paul McCartney/As You Lie There - Paul McCartney.mp3,not_requested,
The Dark Side of the Moon,existing,/home/david/Music/The Dark Side of the Moon/cover.jpg,device_up_to_date,/run/media/david/DAVID_S IPO/Music/The Dark Side of the Moon/cover.jpg
The Division Bell - Pink Floyd,existing,/home/david/Music/The Division Bell - Pink Floyd/cover.jpg,device_up_to_date,/run/media/david/DAVID_S IPO/Music/The Division Bell - Pink Floyd/cover.jpg
The Doors - The Doors,existing,/home/david/Music/The Doors - The Doors/cover.jpg,device_up_to_date,/run/media/david/DAVID_S IPO/Music/The Doors - The Doors/cover.jpg
The Eminem Show - Eminem,existing,/home/david/Music/The Eminem Show - Eminem/cover.jpg,device_up_to_date,/run/media/david/DAVID_S IPO/Music/The Eminem Show - Eminem/cover.jpg
The Marshall Mathers LP - Eminem,existing,/home/david/Music/The Marshall Mathers LP - Eminem/cover.jpg,device_up_to_date,/run/media/david/DAVID_S IPO/Music/The Marshall Mathers LP - Eminem/cover.jpg
The Maybe Man - AJR,would_extract_embedded,/home/david/Music/The Maybe Man - AJR/01 - AJR - Maybe Man.flac,not_requested,
The Pick Of Destiny - Tenacious D,existing,/home/david/Music/The Pick Of Destiny - Tenacious D/cover.jpg,device_up_to_date,/run/media/david/DAVID_S IPO/Music/The Pick Of Destiny - Tenacious D/cover.jpg
The Rising Tied (Deluxe Edition) - Fort Minor,existing,/home/david/Music/The Rising Tied (Deluxe Edition) - Fort Minor/cover.jpg,device_up_to_date,/run/media/david/DAVID_S IPO/Music/The Rising Tied (Deluxe Edition) - Fort Minor/cover.jpg
The Sound of Madness - Shinedown,existing,/home/david/Music/The Sound of Madness - Shinedown/cover.jpg,device_up_to_date,/run/media/david/DAVID_S IPO/Music/The Sound of Madness - Shinedown/cover.jpg
The Strange Case of... (Deluxe) - Halestorm,existing,/home/david/Music/The Strange Case of... (Deluxe) - Halestorm/cover.jpg,device_up_to_date,/run/media/david/DAVID_S IPO/Music/The Strange Case of... (Deluxe) - Halestorm/cover.jpg
"The Traveling Wilburys, Vol. 1 - The Traveling Wilburys",existing,"/home/david/Music/The Traveling Wilburys, Vol. 1 - The Traveling Wilburys/cover.jpg",device_up_to_date,"/run/media/david/DAVID_S IPO/Music/The Traveling Wilburys, Vol. 1 - The Traveling Wilburys/cover.jpg"
The Wall - Pink Floyd/Disc 1,would_extract_embedded,/home/david/Music/The Wall - Pink Floyd/Disc 1/01 - Pink Floyd - In the Flesh_.m4a,not_requested,
The Wall - Pink Floyd/Disc 2,would_extract_embedded,/home/david/Music/The Wall - Pink Floyd/Disc 2/01 - Pink Floyd - Hey You.m4a,not_requested,
Them Vs. You Vs. Me (Deluxe Edition) - finger eleven,existing,/home/david/Music/Them Vs. You Vs. Me (Deluxe Edition) - finger eleven/cover.jpg,device_up_to_date,/run/media/david/DAVID_S IPO/Music/Them Vs. You Vs. Me (Deluxe Edition) - finger eleven/cover.jpg
Threat to Survival - Shinedown,existing,/home/david/Music/Threat to Survival - Shinedown/cover.jpg,device_up_to_date,/run/media/david/DAVID_S IPO/Music/Threat to Survival - Shinedown/cover.jpg
Three Days Grace (Expanded Edition) - Three Days Grace,existing,/home/david/Music/Three Days Grace (Expanded Edition) - Three Days Grace/cover.jpg,device_up_to_date,/run/media/david/DAVID_S IPO/Music/Three Days Grace (Expanded Edition) - Three Days Grace/cover.jpg
Total Life Forever - Foals,existing,/home/david/Music/Total Life Forever - Foals/cover.jpg,device_up_to_date,/run/media/david/DAVID_S IPO/Music/Total Life Forever - Foals/cover.jpg
Ugly is Beautiful - Oliver Tree,existing,/home/david/Music/Ugly is Beautiful - Oliver Tree/cover.jpg,device_up_to_date,/run/media/david/DAVID_S IPO/Music/Ugly is Beautiful - Oliver Tree/cover.jpg
Unlimited Love - Red Hot Chili Peppers,existing,/home/david/Music/Unlimited Love - Red Hot Chili Peppers/cover.jpg,device_up_to_date,/run/media/david/DAVID_S IPO/Music/Unlimited Love - Red Hot Chili Peppers/cover.jpg
Villains - Emma Blackery,existing,/home/david/Music/Villains - Emma Blackery/cover.jpg,device_up_to_date,/run/media/david/DAVID_S IPO/Music/Villains - Emma Blackery/cover.jpg
"WHEN WE ALL FALL ASLEEP, WHERE DO WE GO_ - Billie Eilish",would_create_from_sidecar,"/home/david/Music/WHEN WE ALL FALL ASLEEP, WHERE DO WE GO_ - Billie Eilish/cover.jpeg",not_requested,
What. - Bo Burnham,existing,/home/david/Music/What. - Bo Burnham/cover.jpg,device_up_to_date,/run/media/david/DAVID_S IPO/Music/What. - Bo Burnham/cover.jpg
Wish You Were Here - Pink Floyd,existing,/home/david/Music/Wish You Were Here - Pink Floyd/cover.jpg,device_up_to_date,/run/media/david/DAVID_S IPO/Music/Wish You Were Here - Pink Floyd/cover.jpg
With The Beatles,existing,/home/david/Music/With The Beatles/cover.jpg,device_up_to_date,/run/media/david/DAVID_S IPO/Music/With The Beatles/cover.jpg
You Can't Kill Us - Icon For Hire,existing,/home/david/Music/You Can't Kill Us - Icon For Hire/cover.jpg,device_up_to_date,/run/media/david/DAVID_S IPO/Music/You Can't Kill Us - Icon For Hire/cover.jpg
Zelda & Chill - MikEL,existing,/home/david/Music/Zelda & Chill - MikEL/cover.jpg,device_up_to_date,/run/media/david/DAVID_S IPO/Music/Zelda & Chill - MikEL/cover.jpg
hopeless fountain kingdom (Deluxe Plus) - Halsey,existing,/home/david/Music/hopeless fountain kingdom (Deluxe Plus) - Halsey/cover.jpg,device_up_to_date,/run/media/david/DAVID_S IPO/Music/hopeless fountain kingdom (Deluxe Plus) - Halsey/cover.jpg
