# Source: Open-RSC/rsc-data locations/items.json, Lumbridge region x=100..180 y=600..670.
# Coordinates are original RSC raw world tiles; runtime adds +2400,+1668 for this client map.
# id	name	x	y	flags
11	Bronze Arrows	140	648	respawn=37000
13	Knife	130	667	respawn=37000
18	Cabbage	137	600	respawn=123000
18	Cabbage	137	603	respawn=123000
18	Cabbage	137	606	respawn=123000
18	Cabbage	137	609	respawn=123000
18	Cabbage	137	612	respawn=123000
18	Cabbage	139	600	respawn=123000
18	Cabbage	139	603	respawn=123000
18	Cabbage	139	606	respawn=123000
18	Cabbage	139	609	respawn=123000
18	Cabbage	139	612	respawn=123000
18	Cabbage	141	600	respawn=123000
18	Cabbage	141	603	respawn=123000
18	Cabbage	141	606	respawn=123000
18	Cabbage	141	609	respawn=123000
18	Cabbage	141	612	respawn=123000
18	Cabbage	143	600	respawn=123000
18	Cabbage	143	603	respawn=123000
18	Cabbage	143	606	respawn=123000
18	Cabbage	143	609	respawn=123000
18	Cabbage	143	612	respawn=123000
18	Cabbage	145	600	respawn=123000
18	Cabbage	145	603	respawn=123000
18	Cabbage	145	606	respawn=123000
18	Cabbage	145	609	respawn=123000
18	Cabbage	145	612	respawn=123000
18	Cabbage	147	600	respawn=123000
18	Cabbage	147	603	respawn=123000
18	Cabbage	147	606	respawn=123000
18	Cabbage	147	609	respawn=123000
18	Cabbage	147	612	respawn=123000
18	Cabbage	149	600	respawn=123000
18	Cabbage	149	603	respawn=123000
18	Cabbage	149	606	respawn=123000
18	Cabbage	149	609	respawn=123000
18	Cabbage	149	612	respawn=123000
18	Cabbage	151	600	respawn=123000
18	Cabbage	151	603	respawn=123000
18	Cabbage	151	606	respawn=123000
18	Cabbage	151	609	respawn=123000
18	Cabbage	151	612	respawn=123000
18	Cabbage	153	600	respawn=123000
18	Cabbage	153	603	respawn=123000
18	Cabbage	153	606	respawn=123000
18	Cabbage	153	609	respawn=123000
18	Cabbage	153	612	respawn=123000
19	Egg	119	603	respawn=25000
19	Egg	122	603	respawn=25000
21	Bucket	121	607	respawn=25000
28	Iron dagger	119	631	respawn=60000
33	Air-Rune	117	669	respawn=30000
35	Mind-Rune	138	668	respawn=37000
135	pot	134	660	respawn=25000
135	pot	176	657	respawn=25000
140	jug	133	661	respawn=25000
241	Onion	158	621	respawn=6000
241	Onion	158	623	respawn=6000
241	Onion	160	621	respawn=6000
241	Onion	160	623	respawn=6000
