# Source: Open-RSC/rsc-data locations/npcs.json, Lumbridge region x=100..180 y=600..670.
# Coordinates are original RSC raw world tiles; runtime adds +2400,+1668 for this client map.
# id	name	x	y	facing	flags
1	Bob	124	669	4	openrsc
2	Sheep	153	621	4	openrsc
2	Sheep	152	618	4	openrsc
2	Sheep	147	623	4	openrsc
2	Sheep	145	629	4	openrsc
2	Sheep	138	633	4	openrsc
2	Sheep	140	626	4	openrsc
2	Sheep	139	623	4	openrsc
2	Sheep	140	620	4	openrsc
2	Sheep	146	618	4	openrsc
2	Sheep	144	621	4	openrsc
2	Sheep	144	626	4	openrsc
2	Sheep	145	630	4	openrsc
2	Sheep	153	629	4	openrsc
2	Sheep	151	621	4	openrsc
2	Sheep	155	619	4	openrsc
3	Chicken	160	616	4	openrsc
3	Chicken	161	616	4	openrsc
3	Chicken	159	615	4	openrsc
3	Chicken	157	615	4	openrsc
3	Chicken	158	616	4	openrsc
3	Chicken	120	603	4	openrsc
3	Chicken	120	604	4	openrsc
3	Chicken	120	605	4	openrsc
3	Chicken	118	604	4	openrsc
3	Chicken	118	603	4	openrsc
3	Chicken	120	603	4	openrsc
4	Goblin	170	616	4	openrsc
4	Goblin	177	654	4	openrsc
5	Hans	137	651	4	openrsc
6	cow	110	606	4	openrsc
6	cow	101	607	4	openrsc
6	cow	108	610	4	openrsc
6	cow	102	614	4	openrsc
6	cow	102	627	4	openrsc
7	cook	135	661	4	openrsc
8	Bear	169	653	4	openrsc
9	Priest	113	667	4	openrsc
11	Man	132	639	4	openrsc
11	Man	129	649	4	openrsc
11	Man	129	658	4	openrsc
11	Man	126	656	4	openrsc
11	Man	118	658	4	openrsc
23	Giant Spider	173	637	4	openrsc
23	Giant Spider	111	640	4	openrsc
23	Giant Spider	120	636	4	openrsc
29	Rat	138	667	4	openrsc
29	Rat	140	667	4	openrsc
55	Shopkeeper	134	643	4	openrsc
62	Goblin	116	629	4	openrsc
62	Goblin	114	630	4	openrsc
62	Goblin	116	632	4	openrsc
62	Goblin	113	631	4	openrsc
62	Goblin	105	646	4	openrsc
62	Goblin	103	630	4	openrsc
62	Goblin	100	633	4	openrsc
62	Goblin	120	625	4	openrsc
62	Goblin	103	636	4	openrsc
62	Goblin	124	664	4	openrsc
62	Goblin	129	629	4	openrsc
62	Goblin	105	651	4	openrsc
62	Goblin	104	644	4	openrsc
62	Goblin	112	640	4	openrsc
62	Goblin	116	637	4	openrsc
62	Goblin	110	630	4	openrsc
62	Goblin	115	629	4	openrsc
62	Goblin	119	632	4	openrsc
62	Goblin	115	632	4	openrsc
62	Goblin	140	635	4	openrsc
63	farmer	121	611	4	openrsc
77	Fred the farmer	159	618	4	openrsc
83	Shop Assistant	135	640	4	openrsc
114	Imp	127	660	4	openrsc
207	Adventurer	178	667	4	openrsc
208	Adventurer	178	667	4	openrsc
209	Adventurer	177	669	4	openrsc
210	Adventurer	180	669	4	openrsc
