id	title	subtitle	plugin	path	cover	enabled	sort
gameboy	Game Boy	Rockboy library	/.rockbox/rocks/viewers/rockboy.rock	/gameboy	/.rockbox/games/library/covers/systems/gameboy.bmp	1	5
nes	NES	Nintendo Entertainment System	/.rockbox/rocks/viewers/infones.rock	/gameboy	/.rockbox/games/library/covers/systems/nes.bmp	1	8
smsgg	Sega	Master System / Game Gear	/.rockbox/rocks/games/smsgg.rock	/.rockbox/games/smsgg/roms	/.rockbox/games/library/covers/systems/smsgg.bmp	1	10
arduboy	Arduboy	Tiny homebrew handheld	/.rockbox/rocks/games/arduboy.rock	/.rockbox/games/arduboy/roms	/.rockbox/games/library/covers/systems/arduboy.bmp	1	20
tamagotchi	Tamagotchi	Virtual pet	/.rockbox/rocks/apps/tamagotchi.rock	/.rockbox/games/tamagotchi/roms	/.rockbox/games/library/covers/systems/tamagotchi.bmp	1	30
pokemini	Pokemon Mini	Nintendo mini handheld	/.rockbox/rocks/viewers/pokemini.rock	/PokeMini	/.rockbox/games/library/covers/systems/pokemini.bmp	1	40
gwatch	Game & Watch	LCD handhelds	/.rockbox/rocks/games/gwatch.rock	/.rockbox/games/gwatch/roms-fast	/.rockbox/games/library/covers/systems/gwatch.bmp	1	50
doom	Doom	WAD launcher	/.rockbox/rocks/games/doom.rock	/.rockbox/games/doom/wads	/.rockbox/games/library/covers/systems/doom.bmp	1	60
native	Native Games	Rockbox plugins		/.rockbox/rocks/games	/.rockbox/games/library/covers/systems/native.bmp	1	100
