seq	tick	kind	name	update	x	y	w	h	selected	first	items	audio	playlist_index	playlist_count	elapsed_ms	duration_ms	art	art_w	art_h	path	core_available	core_allocatable	rockbox_open_files
1	132	screen	Home	full	0	0	320	240	0	0	7	0	1	0	0	0	0	0	0		63353008	63353008	8
2	153	screen	Home	full	0	0	320	240	0	0	7	0	1	0	0	0	0	0	0		63353008	63353008	8
3	183	screen	Preview Fade	crossfade	160	0	160	240	0	0	8	0	1	0	0	0	0	0	0		63353008	63353008	8
4	187	screen	Preview Fade	crossfade	160	0	160	240	14	1	8	0	1	0	0	0	0	0	0		63353008	63353008	8
5	191	screen	Preview Fade	crossfade	160	0	160	240	50	2	8	0	1	0	0	0	0	0	0		63353008	63353008	8
6	194	screen	Preview Fade	crossfade	160	0	160	240	100	3	8	0	1	0	0	0	0	0	0		63353008	63353008	8
7	198	screen	Preview Fade	crossfade	160	0	160	240	155	4	8	0	1	0	0	0	0	0	0		63353008	63353008	8
8	201	screen	Preview Fade	crossfade	160	0	160	240	205	5	8	0	1	0	0	0	0	0	0		63353008	63353008	8
9	205	screen	Preview Fade	crossfade	160	0	160	240	241	6	8	0	1	0	0	0	0	0	0		63353008	63353008	8
10	209	screen	Preview Fade	crossfade	160	0	160	240	256	7	8	0	1	0	0	0	0	0	0		63353008	63353008	8
11	262	screen	Lockscreen	full	0	0	320	240	0	0	0	0	1	0	0	0	0	0	0		63351848	63303056	8
12	262	screen	Lockscreen	full	0	0	320	240	0	0	7	0	1	0	0	0	0	0	0		63351848	63303056	8
13	337	screen	Home	full	0	0	320	240	0	0	7	0	1	0	0	0	0	0	0		63351848	63303056	8
14	409	screen	Home	rows	0	24	160	48	1	0	7	0	1	0	0	0	0	0	0		63351848	63303056	8
15	460	screen	Preview Fade	crossfade	160	0	160	240	0	0	8	0	1	0	0	0	0	0	0		63351848	63303056	8
16	464	screen	Preview Fade	crossfade	160	0	160	240	14	1	8	0	1	0	0	0	0	0	0		63351848	63303056	8
17	468	screen	Preview Fade	crossfade	160	0	160	240	50	2	8	0	1	0	0	0	0	0	0		63351848	63303056	8
18	471	screen	Preview Fade	crossfade	160	0	160	240	100	3	8	0	1	0	0	0	0	0	0		63351848	63303056	8
19	475	screen	Preview Fade	crossfade	160	0	160	240	155	4	8	0	1	0	0	0	0	0	0		63351848	63303056	8
20	478	screen	Preview Fade	crossfade	160	0	160	240	205	5	8	0	1	0	0	0	0	0	0		63351848	63303056	8
21	482	screen	Preview Fade	crossfade	160	0	160	240	241	6	8	0	1	0	0	0	0	0	0		63351848	63303056	8
22	486	screen	Preview Fade	crossfade	160	0	160	240	256	7	8	0	1	0	0	0	0	0	0		63351848	63303056	8
23	488	screen	Transition	forward	0	0	320	240	0	0	8	0	1	0	0	0	0	0	0		63351848	63303056	8
24	490	screen	Transition	forward	0	0	320	240	17	1	8	0	1	0	0	0	0	0	0		63351848	63303056	8
25	494	screen	Transition	forward	0	0	320	240	63	2	8	0	1	0	0	0	0	0	0		63351848	63303056	8
26	497	screen	Transition	forward	0	0	320	240	125	3	8	0	1	0	0	0	0	0	0		63351848	63303056	8
27	501	screen	Transition	forward	0	0	320	240	194	4	8	0	1	0	0	0	0	0	0		63351848	63303056	8
28	504	screen	Transition	forward	0	0	320	240	256	5	8	0	1	0	0	0	0	0	0		63351848	63303056	8
29	508	screen	Transition	forward	0	0	320	240	302	6	8	0	1	0	0	0	0	0	0		63351848	63303056	8
30	512	screen	Transition	forward	0	0	320	240	320	7	8	0	1	0	0	0	0	0	0		63351848	63303056	8
31	513	list	Music	full	0	0	320	240	0	0	15	0	1	0	0	0	0	0	0		63351848	63303056	8
32	613	screen	Lockscreen	full	0	0	320	240	0	0	0	0	1	0	0	0	0	0	0		63351848	63303056	8
33	693	list	Music	full	0	0	320	240	0	0	15	0	1	0	0	0	0	0	0		63351848	63303056	8
34	758	list	Music	full	0	0	320	240	1	0	15	0	1	0	0	0	0	0	0		63351848	63303056	8
35	815	screen	Transition	forward	0	0	320	240	0	0	8	0	1	0	0	0	0	0	0		63351848	63303056	8
36	819	screen	Transition	forward	0	0	320	240	17	1	8	0	1	0	0	0	0	0	0		63351848	63303056	8
37	823	screen	Transition	forward	0	0	320	240	63	2	8	0	1	0	0	0	0	0	0		63351848	63303056	8
38	826	screen	Transition	forward	0	0	320	240	125	3	8	0	1	0	0	0	0	0	0		63351848	63303056	8
39	830	screen	Transition	forward	0	0	320	240	194	4	8	0	1	0	0	0	0	0	0		63351848	63303056	8
40	833	screen	Transition	forward	0	0	320	240	256	5	8	0	1	0	0	0	0	0	0		63351848	63303056	8
41	837	screen	Transition	forward	0	0	320	240	302	6	8	0	1	0	0	0	0	0	0		63351848	63303056	8
42	841	screen	Transition	forward	0	0	320	240	320	7	8	0	1	0	0	0	0	0	0		63351848	63303056	8
43	841	list	Artist	full	0	0	320	240	0	0	4	0	1	0	0	0	0	0	0		63351848	63303056	8
44	941	screen	Lockscreen	full	0	0	320	240	0	0	0	0	1	0	0	0	0	0	0		63351848	63303056	8
45	1021	list	Artist	full	0	0	320	240	0	0	4	0	1	0	0	0	0	0	0		63351848	63303056	8
46	1087	list	Artist	full	0	0	320	240	1	0	4	0	1	0	0	0	0	0	0		63351848	63303056	8
47	1115	list	Artist	row-old	0	48	320	24	2	0	4	0	1	0	0	0	0	0	0		63351848	63303056	8
48	1116	list	Artist	row-new	0	72	320	24	2	0	4	0	1	0	0	0	0	0	0		63351848	63303056	8
49	1142	list	Artist	full	0	0	320	240	3	0	4	0	1	0	0	0	0	0	0		63351848	63303056	8
50	1168	list	Artist	full	0	0	320	240	3	0	4	0	1	0	0	0	0	0	0		63351848	63303056	8
51	1195	list	Artist	full	0	0	320	240	3	0	4	0	1	0	0	0	0	0	0		63351848	63303056	8
52	1223	list	Artist	full	0	0	320	240	3	0	4	0	1	0	0	0	0	0	0		63351848	63303056	8
53	1249	list	Artist	full	0	0	320	240	3	0	4	0	1	0	0	0	0	0	0		63351848	63303056	8
54	1276	list	Artist	full	0	0	320	240	3	0	4	0	1	0	0	0	0	0	0		63351848	63303056	8
55	1303	list	Artist	full	0	0	320	240	3	0	4	0	1	0	0	0	0	0	0		63351848	63303056	8
56	1331	list	Artist	full	0	0	320	240	3	0	4	0	1	0	0	0	0	0	0		63351848	63303056	8
57	1376	screen	Transition	forward	0	0	320	240	0	0	8	0	1	0	0	0	0	0	0		63351848	63303056	8
58	1380	screen	Transition	forward	0	0	320	240	17	1	8	0	1	0	0	0	0	0	0		63351848	63303056	8
59	1384	screen	Transition	forward	0	0	320	240	63	2	8	0	1	0	0	0	0	0	0		63351848	63303056	8
60	1387	screen	Transition	forward	0	0	320	240	125	3	8	0	1	0	0	0	0	0	0		63351848	63303056	8
61	1391	screen	Transition	forward	0	0	320	240	194	4	8	0	1	0	0	0	0	0	0		63351848	63303056	8
62	1394	screen	Transition	forward	0	0	320	240	256	5	8	0	1	0	0	0	0	0	0		63351848	63303056	8
63	1398	screen	Transition	forward	0	0	320	240	302	6	8	0	1	0	0	0	0	0	0		63351848	63303056	8
64	1402	screen	Transition	forward	0	0	320	240	320	7	8	0	1	0	0	0	0	0	0		63351848	63303056	8
65	1402	list	The Beatles	full	0	0	320	240	0	0	5	0	1	0	0	0	0	0	0		63351848	63303056	8
66	1552	screen	Lockscreen	full	0	0	320	240	0	0	0	0	1	0	0	0	0	0	0		63351848	63303056	8
67	1632	list	The Beatles	full	0	0	320	240	0	0	5	0	1	0	0	0	0	0	0		63351848	63303056	8
68	1719	screen	Transition	forward	0	0	320	240	0	0	8	0	1	0	0	0	0	0	0		63351848	63303056	8
69	1723	screen	Transition	forward	0	0	320	240	17	1	8	0	1	0	0	0	0	0	0		63351848	63303056	8
70	1727	screen	Transition	forward	0	0	320	240	63	2	8	0	1	0	0	0	0	0	0		63351848	63303056	8
71	1730	screen	Transition	forward	0	0	320	240	125	3	8	0	1	0	0	0	0	0	0		63351848	63303056	8
72	1734	screen	Transition	forward	0	0	320	240	194	4	8	0	1	0	0	0	0	0	0		63351848	63303056	8
73	1737	screen	Transition	forward	0	0	320	240	256	5	8	0	1	0	0	0	0	0	0		63351848	63303056	8
74	1741	screen	Transition	forward	0	0	320	240	302	6	8	0	1	0	0	0	0	0	0		63351848	63303056	8
75	1745	screen	Transition	forward	0	0	320	240	320	7	8	0	1	0	0	0	0	0	0		63351848	63303056	8
76	1746	list	[By album]	full	0	0	320	240	0	0	30	0	1	0	0	0	0	0	0		63351848	63303056	8
77	1896	screen	Lockscreen	full	0	0	320	240	0	0	0	0	1	0	0	0	0	0	0		63351848	63303056	8
78	1976	list	[By album]	full	0	0	320	240	0	0	30	0	1	0	0	0	0	0	0		63351848	63303056	8
79	2065	wps	Now Playing	full	0	0	320	240	-1	-1	-1	1	1	30	0	154248	5630fb314740	128	128	/Music/A Hard Day's Night/01 A Hard Day's Night.mp3	28248	28248	12
80	2085	wps	Now Playing	full	0	0	320	240	-1	-1	-1	1	1	30	72	154248	5630fb8dac40	128	128	/Music/A Hard Day's Night/01 A Hard Day's Night.mp3	28248	28248	12
81	2165	wps	Now Playing	header	0	0	320	44	-1	-1	-1	1	1	30	624	154248	5630fb8dac40	128	128	/Music/A Hard Day's Night/01 A Hard Day's Night.mp3	28248	28248	12
82	2225	wps	Now Playing	bottom	0	196	320	28	-1	-1	-1	1	1	30	1056	154248	5630fb8dac40	128	128	/Music/A Hard Day's Night/01 A Hard Day's Night.mp3	28248	28248	12
83	2245	screen	Lockscreen	full	0	0	320	240	0	0	0	1	1	30	1176	154248	0	0	0	/Music/A Hard Day's Night/01 A Hard Day's Night.mp3	28248	28248	12
84	2245	wps	Now Playing	full	0	0	320	240	-1	-1	-1	1	1	30	1176	154248	5630fb8dac40	128	128	/Music/A Hard Day's Night/01 A Hard Day's Night.mp3	28248	28248	12
85	2265	wps	Now Playing	header	0	0	320	44	-1	-1	-1	1	1	30	1320	154248	5630fb8dac40	128	128	/Music/A Hard Day's Night/01 A Hard Day's Night.mp3	28248	28248	12
86	2325	wps	Now Playing	full	0	0	320	240	-1	-1	-1	1	1	30	1752	154248	5630fb8dac40	128	128	/Music/A Hard Day's Night/01 A Hard Day's Night.mp3	28248	28248	12
87	2365	wps	Now Playing	header	0	0	320	44	-1	-1	-1	1	1	30	1992	154248	5630fb8dac40	128	128	/Music/A Hard Day's Night/01 A Hard Day's Night.mp3	28248	28248	12
88	2385	wps	Now Playing	bottom	0	196	320	28	-1	-1	-1	1	1	30	2136	154248	5630fb8dac40	128	128	/Music/A Hard Day's Night/01 A Hard Day's Night.mp3	28248	28248	12
89	2408	wps	Now Playing	header	0	0	320	44	-1	-1	-1	3	1	30	2304	154248	5630fb8dac40	128	128	/Music/A Hard Day's Night/01 A Hard Day's Night.mp3	28248	28248	12
90	2468	wps	Now Playing	header	0	0	320	44	-1	-1	-1	3	1	30	2520	154248	5630fb8dac40	128	128	/Music/A Hard Day's Night/01 A Hard Day's Night.mp3	28248	28248	12
91	2520	wps	Now Playing	header	0	0	320	44	-1	-1	-1	1	1	30	2544	154248	5630fb8dac40	128	128	/Music/A Hard Day's Night/01 A Hard Day's Night.mp3	28248	28248	12
92	2560	wps	Now Playing	header	0	0	320	44	-1	-1	-1	1	1	30	2808	154248	5630fb8dac40	128	128	/Music/A Hard Day's Night/01 A Hard Day's Night.mp3	28248	28248	12
93	2600	wps	Now Playing	bottom	0	196	320	28	-1	-1	-1	1	1	30	3072	154248	5630fb8dac40	128	128	/Music/A Hard Day's Night/01 A Hard Day's Night.mp3	28248	28248	12
94	2660	wps	Now Playing	header	0	0	320	44	-1	-1	-1	1	1	30	3480	154248	5630fb8dac40	128	128	/Music/A Hard Day's Night/01 A Hard Day's Night.mp3	28248	28248	12
95	2740	wps	Now Playing	bottom	0	196	320	28	-1	-1	-1	1	1	30	4056	154248	5630fb8dac40	128	128	/Music/A Hard Day's Night/01 A Hard Day's Night.mp3	28248	28248	12
96	2780	wps	Now Playing	header	0	0	320	44	-1	-1	-1	1	1	30	4296	154248	5630fb8dac40	128	128	/Music/A Hard Day's Night/01 A Hard Day's Night.mp3	28248	28248	12
97	2872	wps	Now Playing	header	0	0	320	44	-1	-1	-1	1	1	30	4944	154248	5630fb8dac40	128	128	/Music/A Hard Day's Night/01 A Hard Day's Night.mp3	28248	28248	12
98	2887	list	[By album]	full	0	0	320	240	0	0	30	1	1	30	5016	154248	0	0	0	/Music/A Hard Day's Night/01 A Hard Day's Night.mp3	28248	28248	12
99	2892	list	[By album]	full	0	0	320	240	0	0	30	1	1	30	5064	154248	0	0	0	/Music/A Hard Day's Night/01 A Hard Day's Night.mp3	28248	28248	12
100	2897	list	[By album]	full	0	0	320	240	0	0	30	1	1	30	5112	154248	0	0	0	/Music/A Hard Day's Night/01 A Hard Day's Night.mp3	28248	28248	12
101	2902	list	[By album]	full	0	0	320	240	0	0	30	1	1	30	5160	154248	0	0	0	/Music/A Hard Day's Night/01 A Hard Day's Night.mp3	28248	28248	12
102	2907	list	[By album]	full	0	0	320	240	0	0	30	1	1	30	5160	154248	0	0	0	/Music/A Hard Day's Night/01 A Hard Day's Night.mp3	28248	28248	12
103	2912	list	[By album]	full	0	0	320	240	0	0	30	1	1	30	5208	154248	0	0	0	/Music/A Hard Day's Night/01 A Hard Day's Night.mp3	28248	28248	12
104	2917	list	[By album]	full	0	0	320	240	0	0	30	1	1	30	5232	154248	0	0	0	/Music/A Hard Day's Night/01 A Hard Day's Night.mp3	28248	28248	12
105	2922	list	[By album]	full	0	0	320	240	0	0	30	1	1	30	5280	154248	0	0	0	/Music/A Hard Day's Night/01 A Hard Day's Night.mp3	28248	28248	12
106	2927	list	[By album]	full	0	0	320	240	0	0	30	1	1	30	5328	154248	0	0	0	/Music/A Hard Day's Night/01 A Hard Day's Night.mp3	28248	28248	12
107	2932	list	[By album]	full	0	0	320	240	0	0	30	1	1	30	5376	154248	0	0	0	/Music/A Hard Day's Night/01 A Hard Day's Night.mp3	28248	28248	12
108	2937	list	[By album]	full	0	0	320	240	0	0	30	1	1	30	5376	154248	0	0	0	/Music/A Hard Day's Night/01 A Hard Day's Night.mp3	28248	28248	12
109	2942	list	[By album]	full	0	0	320	240	0	0	30	1	1	30	5400	154248	0	0	0	/Music/A Hard Day's Night/01 A Hard Day's Night.mp3	28248	28248	12
110	2947	list	[By album]	full	0	0	320	240	0	0	30	1	1	30	5448	154248	0	0	0	/Music/A Hard Day's Night/01 A Hard Day's Night.mp3	28248	28248	12
111	2952	list	[By album]	full	0	0	320	240	0	0	30	1	1	30	5496	154248	0	0	0	/Music/A Hard Day's Night/01 A Hard Day's Night.mp3	28248	28248	12
112	2957	list	[By album]	full	0	0	320	240	0	0	30	1	1	30	5496	154248	0	0	0	/Music/A Hard Day's Night/01 A Hard Day's Night.mp3	28248	28248	12
113	2962	list	[By album]	full	0	0	320	240	0	0	30	1	1	30	5544	154248	0	0	0	/Music/A Hard Day's Night/01 A Hard Day's Night.mp3	28248	28248	12
114	2967	list	[By album]	full	0	0	320	240	0	0	30	1	1	30	5592	154248	0	0	0	/Music/A Hard Day's Night/01 A Hard Day's Night.mp3	28248	28248	12
115	2972	list	[By album]	full	0	0	320	240	0	0	30	1	1	30	5616	154248	0	0	0	/Music/A Hard Day's Night/01 A Hard Day's Night.mp3	28248	28248	12
116	2977	list	[By album]	full	0	0	320	240	0	0	30	1	1	30	5664	154248	0	0	0	/Music/A Hard Day's Night/01 A Hard Day's Night.mp3	28248	28248	12
117	2982	list	[By album]	full	0	0	320	240	0	0	30	1	1	30	5664	154248	0	0	0	/Music/A Hard Day's Night/01 A Hard Day's Night.mp3	28248	28248	12
118	2987	list	[By album]	full	0	0	320	240	0	0	30	1	1	30	5712	154248	0	0	0	/Music/A Hard Day's Night/01 A Hard Day's Night.mp3	28248	28248	12
119	2992	list	[By album]	full	0	0	320	240	0	0	30	1	1	30	5760	154248	0	0	0	/Music/A Hard Day's Night/01 A Hard Day's Night.mp3	28248	28248	12
120	2997	list	[By album]	full	0	0	320	240	0	0	30	1	1	30	5784	154248	0	0	0	/Music/A Hard Day's Night/01 A Hard Day's Night.mp3	28248	28248	12
121	3002	list	[By album]	full	0	0	320	240	0	0	30	1	1	30	5832	154248	0	0	0	/Music/A Hard Day's Night/01 A Hard Day's Night.mp3	28248	28248	12
122	3007	list	[By album]	full	0	0	320	240	0	0	30	1	1	30	5832	154248	0	0	0	/Music/A Hard Day's Night/01 A Hard Day's Night.mp3	28248	28248	12
123	3012	list	[By album]	full	0	0	320	240	0	0	30	1	1	30	5880	154248	0	0	0	/Music/A Hard Day's Night/01 A Hard Day's Night.mp3	28248	28248	12
124	3017	list	[By album]	full	0	0	320	240	0	0	30	1	1	30	5928	154248	0	0	0	/Music/A Hard Day's Night/01 A Hard Day's Night.mp3	28248	28248	12
125	3022	list	[By album]	full	0	0	320	240	0	0	30	1	1	30	5976	154248	0	0	0	/Music/A Hard Day's Night/01 A Hard Day's Night.mp3	28248	28248	12
126	3027	list	[By album]	full	0	0	320	240	0	0	30	1	1	30	6000	154248	0	0	0	/Music/A Hard Day's Night/01 A Hard Day's Night.mp3	28248	28248	12
127	3037	list	[By album]	full	0	0	320	240	0	0	30	1	1	30	6048	154248	0	0	0	/Music/A Hard Day's Night/01 A Hard Day's Night.mp3	28248	28248	12
128	3042	list	[By album]	full	0	0	320	240	0	0	30	1	1	30	6096	154248	0	0	0	/Music/A Hard Day's Night/01 A Hard Day's Night.mp3	28248	28248	12
129	3047	list	[By album]	full	0	0	320	240	0	0	30	1	1	30	6144	154248	0	0	0	/Music/A Hard Day's Night/01 A Hard Day's Night.mp3	28248	28248	12
130	3050	screen	Transition	back	0	0	320	240	0	0	8	1	1	30	6144	154248	0	0	0	/Music/A Hard Day's Night/01 A Hard Day's Night.mp3	28248	28248	12
131	3054	screen	Transition	back	0	0	320	240	17	1	8	1	1	30	6168	154248	0	0	0	/Music/A Hard Day's Night/01 A Hard Day's Night.mp3	28248	28248	12
132	3058	screen	Transition	back	0	0	320	240	63	2	8	1	1	30	6216	154248	0	0	0	/Music/A Hard Day's Night/01 A Hard Day's Night.mp3	28248	28248	12
133	3061	screen	Transition	back	0	0	320	240	125	3	8	1	1	30	6216	154248	0	0	0	/Music/A Hard Day's Night/01 A Hard Day's Night.mp3	28248	28248	12
134	3065	screen	Transition	back	0	0	320	240	194	4	8	1	1	30	6264	154248	0	0	0	/Music/A Hard Day's Night/01 A Hard Day's Night.mp3	28248	28248	12
135	3068	screen	Transition	back	0	0	320	240	256	5	8	1	1	30	6264	154248	0	0	0	/Music/A Hard Day's Night/01 A Hard Day's Night.mp3	28248	28248	12
136	3072	screen	Transition	back	0	0	320	240	302	6	8	1	1	30	6312	154248	0	0	0	/Music/A Hard Day's Night/01 A Hard Day's Night.mp3	28248	28248	12
137	3076	screen	Transition	back	0	0	320	240	320	7	8	1	1	30	6360	154248	0	0	0	/Music/A Hard Day's Night/01 A Hard Day's Night.mp3	28248	28248	12
138	3077	list	The Beatles	full	0	0	320	240	0	0	5	1	1	30	6360	154248	0	0	0	/Music/A Hard Day's Night/01 A Hard Day's Night.mp3	28248	28248	12
139	3082	list	The Beatles	full	0	0	320	240	0	0	5	1	1	30	6384	154248	0	0	0	/Music/A Hard Day's Night/01 A Hard Day's Night.mp3	28248	28248	12
140	3087	list	The Beatles	full	0	0	320	240	0	0	5	1	1	30	6384	154248	0	0	0	/Music/A Hard Day's Night/01 A Hard Day's Night.mp3	28248	28248	12
141	3092	list	The Beatles	full	0	0	320	240	0	0	5	1	1	30	6432	154248	0	0	0	/Music/A Hard Day's Night/01 A Hard Day's Night.mp3	28248	28248	12
142	3097	list	The Beatles	full	0	0	320	240	0	0	5	1	1	30	6480	154248	0	0	0	/Music/A Hard Day's Night/01 A Hard Day's Night.mp3	28248	28248	12
143	3102	list	The Beatles	full	0	0	320	240	0	0	5	1	1	30	6528	154248	0	0	0	/Music/A Hard Day's Night/01 A Hard Day's Night.mp3	28248	28248	12
144	3107	list	The Beatles	full	0	0	320	240	0	0	5	1	1	30	6552	154248	0	0	0	/Music/A Hard Day's Night/01 A Hard Day's Night.mp3	28248	28248	12
145	3112	list	The Beatles	full	0	0	320	240	0	0	5	1	1	30	6552	154248	0	0	0	/Music/A Hard Day's Night/01 A Hard Day's Night.mp3	28248	28248	12
146	3117	list	The Beatles	full	0	0	320	240	0	0	5	1	1	30	6600	154248	0	0	0	/Music/A Hard Day's Night/01 A Hard Day's Night.mp3	28248	28248	12
147	3122	list	The Beatles	full	0	0	320	240	0	0	5	1	1	30	6648	154248	0	0	0	/Music/A Hard Day's Night/01 A Hard Day's Night.mp3	28248	28248	12
148	3127	list	The Beatles	full	0	0	320	240	0	0	5	1	1	30	6696	154248	0	0	0	/Music/A Hard Day's Night/01 A Hard Day's Night.mp3	28248	28248	12
149	3132	list	The Beatles	full	0	0	320	240	0	0	5	1	1	30	6744	154248	0	0	0	/Music/A Hard Day's Night/01 A Hard Day's Night.mp3	28248	28248	12
150	3137	list	The Beatles	full	0	0	320	240	0	0	5	1	1	30	6744	154248	0	0	0	/Music/A Hard Day's Night/01 A Hard Day's Night.mp3	28248	28248	12
151	3142	list	The Beatles	full	0	0	320	240	0	0	5	1	1	30	6768	154248	0	0	0	/Music/A Hard Day's Night/01 A Hard Day's Night.mp3	28248	28248	12
152	3147	list	The Beatles	full	0	0	320	240	0	0	5	1	1	30	6816	154248	0	0	0	/Music/A Hard Day's Night/01 A Hard Day's Night.mp3	28248	28248	12
153	3152	list	The Beatles	full	0	0	320	240	0	0	5	1	1	30	6864	154248	0	0	0	/Music/A Hard Day's Night/01 A Hard Day's Night.mp3	28248	28248	12
154	3157	list	The Beatles	full	0	0	320	240	0	0	5	1	1	30	6912	154248	0	0	0	/Music/A Hard Day's Night/01 A Hard Day's Night.mp3	28248	28248	12
155	3162	list	The Beatles	full	0	0	320	240	0	0	5	1	1	30	6912	154248	0	0	0	/Music/A Hard Day's Night/01 A Hard Day's Night.mp3	28248	28248	12
156	3167	list	The Beatles	full	0	0	320	240	0	0	5	1	1	30	6936	154248	0	0	0	/Music/A Hard Day's Night/01 A Hard Day's Night.mp3	28248	28248	12
157	3172	list	The Beatles	full	0	0	320	240	0	0	5	1	1	30	6984	154248	0	0	0	/Music/A Hard Day's Night/01 A Hard Day's Night.mp3	28248	28248	12
158	3179	list	The Beatles	full	0	0	320	240	0	0	5	1	1	30	7032	154248	0	0	0	/Music/A Hard Day's Night/01 A Hard Day's Night.mp3	28248	28248	12
159	3184	list	The Beatles	full	0	0	320	240	0	0	5	1	1	30	7080	154248	0	0	0	/Music/A Hard Day's Night/01 A Hard Day's Night.mp3	28248	28248	12
160	3189	list	The Beatles	full	0	0	320	240	0	0	5	1	1	30	7128	154248	0	0	0	/Music/A Hard Day's Night/01 A Hard Day's Night.mp3	28248	28248	12
161	3192	screen	Transition	back	0	0	320	240	0	0	8	1	1	30	7128	154248	0	0	0	/Music/A Hard Day's Night/01 A Hard Day's Night.mp3	28248	28248	12
162	3196	screen	Transition	back	0	0	320	240	17	1	8	1	1	30	7152	154248	0	0	0	/Music/A Hard Day's Night/01 A Hard Day's Night.mp3	28248	28248	12
163	3200	screen	Transition	back	0	0	320	240	63	2	8	1	1	30	7200	154248	0	0	0	/Music/A Hard Day's Night/01 A Hard Day's Night.mp3	28248	28248	12
164	3203	screen	Transition	back	0	0	320	240	125	3	8	1	1	30	7200	154248	0	0	0	/Music/A Hard Day's Night/01 A Hard Day's Night.mp3	28248	28248	12
165	3207	screen	Transition	back	0	0	320	240	194	4	8	1	1	30	7248	154248	0	0	0	/Music/A Hard Day's Night/01 A Hard Day's Night.mp3	28248	28248	12
166	3210	screen	Transition	back	0	0	320	240	256	5	8	1	1	30	7248	154248	0	0	0	/Music/A Hard Day's Night/01 A Hard Day's Night.mp3	28248	28248	12
167	3214	screen	Transition	back	0	0	320	240	302	6	8	1	1	30	7296	154248	0	0	0	/Music/A Hard Day's Night/01 A Hard Day's Night.mp3	28248	28248	12
168	3218	screen	Transition	back	0	0	320	240	320	7	8	1	1	30	7296	154248	0	0	0	/Music/A Hard Day's Night/01 A Hard Day's Night.mp3	28248	28248	12
169	3218	list	Artist	full	0	0	320	240	3	0	4	1	1	30	7320	154248	0	0	0	/Music/A Hard Day's Night/01 A Hard Day's Night.mp3	28248	28248	12
170	3223	list	Artist	full	0	0	320	240	3	0	4	1	1	30	7320	154248	0	0	0	/Music/A Hard Day's Night/01 A Hard Day's Night.mp3	28248	28248	12
171	3228	list	Artist	full	0	0	320	240	3	0	4	1	1	30	7368	154248	0	0	0	/Music/A Hard Day's Night/01 A Hard Day's Night.mp3	28248	28248	12
172	3233	list	Artist	full	0	0	320	240	3	0	4	1	1	30	7416	154248	0	0	0	/Music/A Hard Day's Night/01 A Hard Day's Night.mp3	28248	28248	12
173	3238	list	Artist	full	0	0	320	240	3	0	4	1	1	30	7464	154248	0	0	0	/Music/A Hard Day's Night/01 A Hard Day's Night.mp3	28248	28248	12
174	3243	list	Artist	full	0	0	320	240	3	0	4	1	1	30	7512	154248	0	0	0	/Music/A Hard Day's Night/01 A Hard Day's Night.mp3	28248	28248	12
175	3248	list	Artist	full	0	0	320	240	3	0	4	1	1	30	7512	154248	0	0	0	/Music/A Hard Day's Night/01 A Hard Day's Night.mp3	28248	28248	12
176	3253	list	Artist	full	0	0	320	240	3	0	4	1	1	30	7536	154248	0	0	0	/Music/A Hard Day's Night/01 A Hard Day's Night.mp3	28248	28248	12
177	3258	list	Artist	full	0	0	320	240	3	0	4	1	1	30	7584	154248	0	0	0	/Music/A Hard Day's Night/01 A Hard Day's Night.mp3	28248	28248	12
178	3263	list	Artist	full	0	0	320	240	3	0	4	1	1	30	7632	154248	0	0	0	/Music/A Hard Day's Night/01 A Hard Day's Night.mp3	28248	28248	12
179	3268	list	Artist	full	0	0	320	240	3	0	4	1	1	30	7680	154248	0	0	0	/Music/A Hard Day's Night/01 A Hard Day's Night.mp3	28248	28248	12
180	3273	list	Artist	full	0	0	320	240	3	0	4	1	1	30	7680	154248	0	0	0	/Music/A Hard Day's Night/01 A Hard Day's Night.mp3	28248	28248	12
181	3278	list	Artist	full	0	0	320	240	3	0	4	1	1	30	7704	154248	0	0	0	/Music/A Hard Day's Night/01 A Hard Day's Night.mp3	28248	28248	12
182	3283	list	Artist	full	0	0	320	240	3	0	4	1	1	30	7752	154248	0	0	0	/Music/A Hard Day's Night/01 A Hard Day's Night.mp3	28248	28248	12
183	3288	list	Artist	full	0	0	320	240	3	0	4	1	1	30	7800	154248	0	0	0	/Music/A Hard Day's Night/01 A Hard Day's Night.mp3	28248	28248	12
184	3293	list	Artist	full	0	0	320	240	3	0	4	1	1	30	7848	154248	0	0	0	/Music/A Hard Day's Night/01 A Hard Day's Night.mp3	28248	28248	12
185	3298	list	Artist	full	0	0	320	240	3	0	4	1	1	30	7848	154248	0	0	0	/Music/A Hard Day's Night/01 A Hard Day's Night.mp3	28248	28248	12
186	3303	list	Artist	full	0	0	320	240	3	0	4	1	1	30	7896	154248	0	0	0	/Music/A Hard Day's Night/01 A Hard Day's Night.mp3	28248	28248	12
187	3308	list	Artist	full	0	0	320	240	3	0	4	1	1	30	7920	154248	0	0	0	/Music/A Hard Day's Night/01 A Hard Day's Night.mp3	28248	28248	12
188	3313	list	Artist	full	0	0	320	240	3	0	4	1	1	30	7968	154248	0	0	0	/Music/A Hard Day's Night/01 A Hard Day's Night.mp3	28248	28248	12
189	3322	list	Artist	full	0	0	320	240	3	0	4	1	1	30	8016	154248	0	0	0	/Music/A Hard Day's Night/01 A Hard Day's Night.mp3	28248	28248	12
190	3327	list	Artist	full	0	0	320	240	3	0	4	1	1	30	8064	154248	0	0	0	/Music/A Hard Day's Night/01 A Hard Day's Night.mp3	28248	28248	12
191	3332	list	Artist	full	0	0	320	240	3	0	4	1	1	30	8088	154248	0	0	0	/Music/A Hard Day's Night/01 A Hard Day's Night.mp3	28248	28248	12
192	3334	screen	Transition	back	0	0	320	240	0	0	8	1	1	30	8088	154248	0	0	0	/Music/A Hard Day's Night/01 A Hard Day's Night.mp3	28248	28248	12
193	3338	screen	Transition	back	0	0	320	240	17	1	8	1	1	30	8136	154248	0	0	0	/Music/A Hard Day's Night/01 A Hard Day's Night.mp3	28248	28248	12
194	3342	screen	Transition	back	0	0	320	240	63	2	8	1	1	30	8136	154248	0	0	0	/Music/A Hard Day's Night/01 A Hard Day's Night.mp3	28248	28248	12
195	3345	screen	Transition	back	0	0	320	240	125	3	8	1	1	30	8184	154248	0	0	0	/Music/A Hard Day's Night/01 A Hard Day's Night.mp3	28248	28248	12
196	3349	screen	Transition	back	0	0	320	240	194	4	8	1	1	30	8184	154248	0	0	0	/Music/A Hard Day's Night/01 A Hard Day's Night.mp3	28248	28248	12
197	3352	screen	Transition	back	0	0	320	240	256	5	8	1	1	30	8232	154248	0	0	0	/Music/A Hard Day's Night/01 A Hard Day's Night.mp3	28248	28248	12
198	3356	screen	Transition	back	0	0	320	240	302	6	8	1	1	30	8280	154248	0	0	0	/Music/A Hard Day's Night/01 A Hard Day's Night.mp3	28248	28248	12
199	3360	screen	Transition	back	0	0	320	240	320	7	8	1	1	30	8280	154248	0	0	0	/Music/A Hard Day's Night/01 A Hard Day's Night.mp3	28248	28248	12
200	3360	list	Music	full	0	0	320	240	1	0	15	1	1	30	8280	154248	0	0	0	/Music/A Hard Day's Night/01 A Hard Day's Night.mp3	28248	28248	12
201	3365	list	Music	full	0	0	320	240	1	0	15	1	1	30	8304	154248	0	0	0	/Music/A Hard Day's Night/01 A Hard Day's Night.mp3	28248	28248	12
202	3370	list	Music	full	0	0	320	240	1	0	15	1	1	30	8352	154248	0	0	0	/Music/A Hard Day's Night/01 A Hard Day's Night.mp3	28248	28248	12
203	3375	list	Music	full	0	0	320	240	1	0	15	1	1	30	8400	154248	0	0	0	/Music/A Hard Day's Night/01 A Hard Day's Night.mp3	28248	28248	12
204	3380	list	Music	full	0	0	320	240	1	0	15	1	1	30	8400	154248	0	0	0	/Music/A Hard Day's Night/01 A Hard Day's Night.mp3	28248	28248	12
205	3385	list	Music	full	0	0	320	240	1	0	15	1	1	30	8448	154248	0	0	0	/Music/A Hard Day's Night/01 A Hard Day's Night.mp3	28248	28248	12
206	3390	list	Music	full	0	0	320	240	1	0	15	1	1	30	8472	154248	0	0	0	/Music/A Hard Day's Night/01 A Hard Day's Night.mp3	28248	28248	12
207	3395	list	Music	full	0	0	320	240	1	0	15	1	1	30	8520	154248	0	0	0	/Music/A Hard Day's Night/01 A Hard Day's Night.mp3	28248	28248	12
208	3400	list	Music	full	0	0	320	240	1	0	15	1	1	30	8568	154248	0	0	0	/Music/A Hard Day's Night/01 A Hard Day's Night.mp3	28248	28248	12
209	3405	list	Music	full	0	0	320	240	1	0	15	1	1	30	8568	154248	0	0	0	/Music/A Hard Day's Night/01 A Hard Day's Night.mp3	28248	28248	12
210	3410	list	Music	full	0	0	320	240	1	0	15	1	1	30	8616	154248	0	0	0	/Music/A Hard Day's Night/01 A Hard Day's Night.mp3	28248	28248	12
211	3415	list	Music	full	0	0	320	240	1	0	15	1	1	30	8664	154248	0	0	0	/Music/A Hard Day's Night/01 A Hard Day's Night.mp3	28248	28248	12
212	3420	list	Music	full	0	0	320	240	1	0	15	1	1	30	8688	154248	0	0	0	/Music/A Hard Day's Night/01 A Hard Day's Night.mp3	28248	28248	12
213	3425	list	Music	full	0	0	320	240	1	0	15	1	1	30	8736	154248	0	0	0	/Music/A Hard Day's Night/01 A Hard Day's Night.mp3	28248	28248	12
214	3430	list	Music	full	0	0	320	240	1	0	15	1	1	30	8784	154248	0	0	0	/Music/A Hard Day's Night/01 A Hard Day's Night.mp3	28248	28248	12
215	3435	list	Music	full	0	0	320	240	1	0	15	1	1	30	8784	154248	0	0	0	/Music/A Hard Day's Night/01 A Hard Day's Night.mp3	28248	28248	12
216	3440	list	Music	full	0	0	320	240	1	0	15	1	1	30	8832	154248	0	0	0	/Music/A Hard Day's Night/01 A Hard Day's Night.mp3	28248	28248	12
217	3445	list	Music	full	0	0	320	240	1	0	15	1	1	30	8856	154248	0	0	0	/Music/A Hard Day's Night/01 A Hard Day's Night.mp3	28248	28248	12
218	3450	list	Music	full	0	0	320	240	1	0	15	1	1	30	8904	154248	0	0	0	/Music/A Hard Day's Night/01 A Hard Day's Night.mp3	28248	28248	12
219	3455	list	Music	full	0	0	320	240	1	0	15	1	1	30	8952	154248	0	0	0	/Music/A Hard Day's Night/01 A Hard Day's Night.mp3	28248	28248	12
220	3464	list	Music	full	0	0	320	240	1	0	15	1	1	30	8976	154248	0	0	0	/Music/A Hard Day's Night/01 A Hard Day's Night.mp3	28248	28248	12
221	3469	list	Music	full	0	0	320	240	1	0	15	1	1	30	9048	154248	0	0	0	/Music/A Hard Day's Night/01 A Hard Day's Night.mp3	28248	28248	12
222	3474	list	Music	full	0	0	320	240	1	0	15	1	1	30	9072	154248	0	0	0	/Music/A Hard Day's Night/01 A Hard Day's Night.mp3	28248	28248	12
223	3476	screen	Transition	back	0	0	320	240	0	0	8	1	1	30	9072	154248	0	0	0	/Music/A Hard Day's Night/01 A Hard Day's Night.mp3	28248	28248	12
224	3480	screen	Transition	back	0	0	320	240	17	1	8	1	1	30	9120	154248	0	0	0	/Music/A Hard Day's Night/01 A Hard Day's Night.mp3	28248	28248	12
225	3484	screen	Transition	back	0	0	320	240	63	2	8	1	1	30	9120	154248	0	0	0	/Music/A Hard Day's Night/01 A Hard Day's Night.mp3	28248	28248	12
226	3487	screen	Transition	back	0	0	320	240	125	3	8	1	1	30	9168	154248	0	0	0	/Music/A Hard Day's Night/01 A Hard Day's Night.mp3	28248	28248	12
227	3491	screen	Transition	back	0	0	320	240	194	4	8	1	1	30	9168	154248	0	0	0	/Music/A Hard Day's Night/01 A Hard Day's Night.mp3	28248	28248	12
228	3494	screen	Transition	back	0	0	320	240	256	5	8	1	1	30	9216	154248	0	0	0	/Music/A Hard Day's Night/01 A Hard Day's Night.mp3	28248	28248	12
229	3498	screen	Transition	back	0	0	320	240	302	6	8	1	1	30	9216	154248	0	0	0	/Music/A Hard Day's Night/01 A Hard Day's Night.mp3	28248	28248	12
230	3502	screen	Transition	back	0	0	320	240	320	7	8	1	1	30	9240	154248	0	0	0	/Music/A Hard Day's Night/01 A Hard Day's Night.mp3	28248	28248	12
231	3503	screen	Home	full	0	0	320	240	1	0	7	1	1	30	9240	154248	0	0	0	/Music/A Hard Day's Night/01 A Hard Day's Night.mp3	28248	28248	12
232	3618	screen	Transition	forward	0	0	320	240	0	0	8	1	1	30	10056	154248	0	0	0	/Music/A Hard Day's Night/01 A Hard Day's Night.mp3	28248	28248	12
233	3622	screen	Transition	forward	0	0	320	240	17	1	8	1	1	30	10056	154248	0	0	0	/Music/A Hard Day's Night/01 A Hard Day's Night.mp3	28248	28248	12
234	3626	screen	Transition	forward	0	0	320	240	63	2	8	1	1	30	10104	154248	0	0	0	/Music/A Hard Day's Night/01 A Hard Day's Night.mp3	28248	28248	12
235	3629	screen	Transition	forward	0	0	320	240	125	3	8	1	1	30	10152	154248	0	0	0	/Music/A Hard Day's Night/01 A Hard Day's Night.mp3	28248	28248	12
236	3633	screen	Transition	forward	0	0	320	240	194	4	8	1	1	30	10152	154248	0	0	0	/Music/A Hard Day's Night/01 A Hard Day's Night.mp3	28248	28248	12
237	3636	screen	Transition	forward	0	0	320	240	256	5	8	1	1	30	10200	154248	0	0	0	/Music/A Hard Day's Night/01 A Hard Day's Night.mp3	28248	28248	12
238	3640	screen	Transition	forward	0	0	320	240	302	6	8	1	1	30	10200	154248	0	0	0	/Music/A Hard Day's Night/01 A Hard Day's Night.mp3	28248	28248	12
239	3644	screen	Transition	forward	0	0	320	240	320	7	8	1	1	30	10224	154248	0	0	0	/Music/A Hard Day's Night/01 A Hard Day's Night.mp3	28248	28248	12
240	3644	list	Music	full	0	0	320	240	1	0	15	1	1	30	10224	154248	0	0	0	/Music/A Hard Day's Night/01 A Hard Day's Night.mp3	28248	28248	12
241	3694	list	Music	full	0	0	320	240	1	0	15	1	1	30	10584	154248	0	0	0	/Music/A Hard Day's Night/01 A Hard Day's Night.mp3	28248	28248	12
242	3723	screen	Transition	back	0	0	320	240	0	0	8	1	1	30	10776	154248	0	0	0	/Music/A Hard Day's Night/01 A Hard Day's Night.mp3	28248	28248	12
243	3727	screen	Transition	back	0	0	320	240	17	1	8	1	1	30	10776	154248	0	0	0	/Music/A Hard Day's Night/01 A Hard Day's Night.mp3	28248	28248	12
244	3731	screen	Transition	back	0	0	320	240	63	2	8	1	1	30	10824	154248	0	0	0	/Music/A Hard Day's Night/01 A Hard Day's Night.mp3	28248	28248	12
245	3734	screen	Transition	back	0	0	320	240	125	3	8	1	1	30	10824	154248	0	0	0	/Music/A Hard Day's Night/01 A Hard Day's Night.mp3	28248	28248	12
246	3738	screen	Transition	back	0	0	320	240	194	4	8	1	1	30	10872	154248	0	0	0	/Music/A Hard Day's Night/01 A Hard Day's Night.mp3	28248	28248	12
247	3741	screen	Transition	back	0	0	320	240	256	5	8	1	1	30	10920	154248	0	0	0	/Music/A Hard Day's Night/01 A Hard Day's Night.mp3	28248	28248	12
248	3745	screen	Transition	back	0	0	320	240	302	6	8	1	1	30	10920	154248	0	0	0	/Music/A Hard Day's Night/01 A Hard Day's Night.mp3	28248	28248	12
249	3749	screen	Transition	back	0	0	320	240	320	7	8	1	1	30	10968	154248	0	0	0	/Music/A Hard Day's Night/01 A Hard Day's Night.mp3	28248	28248	12
250	3749	screen	Home	full	0	0	320	240	1	0	7	1	1	30	10968	154248	0	0	0	/Music/A Hard Day's Night/01 A Hard Day's Night.mp3	28248	28248	12
251	3828	screen	Transition	forward	0	0	320	240	0	0	8	1	1	30	11520	154248	0	0	0	/Music/A Hard Day's Night/01 A Hard Day's Night.mp3	28248	28248	12
252	3832	screen	Transition	forward	0	0	320	240	17	1	8	1	1	30	11520	154248	0	0	0	/Music/A Hard Day's Night/01 A Hard Day's Night.mp3	28248	28248	12
253	3836	screen	Transition	forward	0	0	320	240	63	2	8	1	1	30	11544	154248	0	0	0	/Music/A Hard Day's Night/01 A Hard Day's Night.mp3	28248	28248	12
254	3839	screen	Transition	forward	0	0	320	240	125	3	8	1	1	30	11544	154248	0	0	0	/Music/A Hard Day's Night/01 A Hard Day's Night.mp3	28248	28248	12
255	3843	screen	Transition	forward	0	0	320	240	194	4	8	1	1	30	11592	154248	0	0	0	/Music/A Hard Day's Night/01 A Hard Day's Night.mp3	28248	28248	12
256	3846	screen	Transition	forward	0	0	320	240	256	5	8	1	1	30	11592	154248	0	0	0	/Music/A Hard Day's Night/01 A Hard Day's Night.mp3	28248	28248	12
257	3850	screen	Transition	forward	0	0	320	240	302	6	8	1	1	30	11640	154248	0	0	0	/Music/A Hard Day's Night/01 A Hard Day's Night.mp3	28248	28248	12
258	3854	screen	Transition	forward	0	0	320	240	320	7	8	1	1	30	11688	154248	0	0	0	/Music/A Hard Day's Night/01 A Hard Day's Night.mp3	28248	28248	12
259	3854	list	Music	full	0	0	320	240	1	0	15	1	1	30	11688	154248	0	0	0	/Music/A Hard Day's Night/01 A Hard Day's Night.mp3	28248	28248	12
260	3911	screen	Loading Music	start	0	0	320	240	12	0	0	1	1	30	12072	154248	0	0	0	/Music/A Hard Day's Night/01 A Hard Day's Night.mp3	28248	28248	12
261	4016	screen	Loading Music	recovered	0	0	320	240	12	0	0	1	1	30	12792	154248	0	0	0	/Music/A Hard Day's Night/01 A Hard Day's Night.mp3	28248	28248	14
262	4016	list	Artist	full	0	0	320	240	3	0	4	1	1	30	12792	154248	0	0	0	/Music/A Hard Day's Night/01 A Hard Day's Night.mp3	28248	28248	12
263	4131	screen	Transition	back	0	0	320	240	0	0	8	1	1	30	13560	154248	0	0	0	/Music/A Hard Day's Night/01 A Hard Day's Night.mp3	28248	28248	12
264	4135	screen	Transition	back	0	0	320	240	17	1	8	1	1	30	13608	154248	0	0	0	/Music/A Hard Day's Night/01 A Hard Day's Night.mp3	28248	28248	12
265	4139	screen	Transition	back	0	0	320	240	63	2	8	1	1	30	13656	154248	0	0	0	/Music/A Hard Day's Night/01 A Hard Day's Night.mp3	28248	28248	12
266	4142	screen	Transition	back	0	0	320	240	125	3	8	1	1	30	13656	154248	0	0	0	/Music/A Hard Day's Night/01 A Hard Day's Night.mp3	28248	28248	12
267	4146	screen	Transition	back	0	0	320	240	194	4	8	1	1	30	13680	154248	0	0	0	/Music/A Hard Day's Night/01 A Hard Day's Night.mp3	28248	28248	12
268	4149	screen	Transition	back	0	0	320	240	256	5	8	1	1	30	13680	154248	0	0	0	/Music/A Hard Day's Night/01 A Hard Day's Night.mp3	28248	28248	12
269	4153	screen	Transition	back	0	0	320	240	302	6	8	1	1	30	13728	154248	0	0	0	/Music/A Hard Day's Night/01 A Hard Day's Night.mp3	28248	28248	12
270	4157	screen	Transition	back	0	0	320	240	320	7	8	1	1	30	13728	154248	0	0	0	/Music/A Hard Day's Night/01 A Hard Day's Night.mp3	28248	28248	12
271	4158	list	Music	full	0	0	320	240	1	0	15	1	1	30	13776	154248	0	0	0	/Music/A Hard Day's Night/01 A Hard Day's Night.mp3	28248	28248	12
272	4215	screen	Transition	back	0	0	320	240	0	0	8	1	1	30	14160	154248	0	0	0	/Music/A Hard Day's Night/01 A Hard Day's Night.mp3	28248	28248	12
273	4219	screen	Transition	back	0	0	320	240	17	1	8	1	1	30	14160	154248	0	0	0	/Music/A Hard Day's Night/01 A Hard Day's Night.mp3	28248	28248	12
274	4223	screen	Transition	back	0	0	320	240	63	2	8	1	1	30	14208	154248	0	0	0	/Music/A Hard Day's Night/01 A Hard Day's Night.mp3	28248	28248	12
275	4226	screen	Transition	back	0	0	320	240	125	3	8	1	1	30	14232	154248	0	0	0	/Music/A Hard Day's Night/01 A Hard Day's Night.mp3	28248	28248	12
276	4230	screen	Transition	back	0	0	320	240	194	4	8	1	1	30	14232	154248	0	0	0	/Music/A Hard Day's Night/01 A Hard Day's Night.mp3	28248	28248	12
277	4233	screen	Transition	back	0	0	320	240	256	5	8	1	1	30	14280	154248	0	0	0	/Music/A Hard Day's Night/01 A Hard Day's Night.mp3	28248	28248	12
278	4237	screen	Transition	back	0	0	320	240	302	6	8	1	1	30	14280	154248	0	0	0	/Music/A Hard Day's Night/01 A Hard Day's Night.mp3	28248	28248	12
279	4241	screen	Transition	back	0	0	320	240	320	7	8	1	1	30	14328	154248	0	0	0	/Music/A Hard Day's Night/01 A Hard Day's Night.mp3	28248	28248	12
280	4242	screen	Home	full	0	0	320	240	1	0	7	1	1	30	14328	154248	0	0	0	/Music/A Hard Day's Night/01 A Hard Day's Night.mp3	28248	28248	12
281	4378	screen	Home	full	0	0	320	240	1	0	7	0	1	30	0	0	0	0	0		28248	28248	11
282	4483	screen	Shutdown CRT	band	0	0	320	240	0	0	6	0	1	30	0	0	0	0	0		28248	28248	11
283	4487	screen	Shutdown CRT	band	0	0	320	240	1	0	6	0	1	30	0	0	0	0	0		28248	28248	11
284	4491	screen	Shutdown CRT	band	0	0	320	240	2	0	6	0	1	30	0	0	0	0	0		28248	28248	11
285	4495	screen	Shutdown CRT	band	0	0	320	240	3	0	6	0	1	30	0	0	0	0	0		28248	28248	11
286	4499	screen	Shutdown CRT	band	0	0	320	240	4	0	6	0	1	30	0	0	0	0	0		28248	28248	11
287	4503	screen	Shutdown CRT	band	0	0	320	240	5	0	6	0	1	30	0	0	0	0	0		28248	28248	11
288	4507	screen	Shutdown CRT	line	0	0	320	240	0	0	5	0	1	30	0	0	0	0	0		28248	28248	11
289	4511	screen	Shutdown CRT	line	0	0	320	240	1	0	5	0	1	30	0	0	0	0	0		28248	28248	11
290	4515	screen	Shutdown CRT	line	0	0	320	240	2	0	5	0	1	30	0	0	0	0	0		28248	28248	11
291	4519	screen	Shutdown CRT	line	0	0	320	240	3	0	5	0	1	30	0	0	0	0	0		28248	28248	11
292	4523	screen	Shutdown CRT	line	0	0	320	240	4	0	5	0	1	30	0	0	0	0	0		28248	28248	11
293	4527	screen	Shutdown CRT	dot	0	0	320	240	0	0	1	0	1	30	0	0	0	0	0		28248	28248	11
294	4534	screen	Shutdown CRT	black	0	0	320	240	0	0	1	0	1	30	0	0	0	0	0		28248	28248	11
