seq	tick	kind	name	update	x	y	w	h	selected	first	items	audio	playlist_index	playlist_count	elapsed_ms	duration_ms	art	art_w	art_h	path
1	138	screen	Home	full	0	0	320	240	0	0	7	0	1	0	0	0	0	0	0	
2	152	screen	Home	full	0	0	320	240	0	0	7	0	1	0	0	0	0	0	0	
3	393	screen	Lockscreen	full	0	0	320	240	0	0	7	0	1	0	0	0	0	0	0	
4	448	screen	Home	full	0	0	320	240	0	0	7	0	1	0	0	0	0	0	0	
5	502	screen	Home	rows	0	20	160	48	1	0	7	0	1	0	0	0	0	0	0	
6	560	list	Music	full	0	0	320	240	0	0	15	0	1	0	0	0	0	0	0	
7	680	list	Music	full	0	0	320	240	0	0	15	0	1	0	0	0	0	0	0	
8	732	list	Music	full	0	0	320	240	1	0	15	0	1	0	0	0	0	0	0	
9	790	list	Artist	full	0	0	320	240	0	0	4	0	1	0	0	0	0	0	0	
10	910	list	Artist	full	0	0	320	240	0	0	4	0	1	0	0	0	0	0	0	
11	967	list	Artist	full	0	0	320	240	1	0	4	0	1	0	0	0	0	0	0	
12	994	list	Artist	row-old	0	44	320	24	2	0	4	0	1	0	0	0	0	0	0	
13	996	list	Artist	row-new	0	68	320	24	2	0	4	0	1	0	0	0	0	0	0	
14	1019	list	Artist	row-old	0	68	320	24	3	0	4	0	1	0	0	0	0	0	0	
15	1021	list	Artist	row-new	0	92	320	24	3	0	4	0	1	0	0	0	0	0	0	
16	1047	list	Artist	full	0	0	320	240	3	0	4	0	1	0	0	0	0	0	0	
17	1074	list	Artist	full	0	0	320	240	3	0	4	0	1	0	0	0	0	0	0	
18	1100	list	Artist	full	0	0	320	240	3	0	4	0	1	0	0	0	0	0	0	
19	1127	list	Artist	full	0	0	320	240	3	0	4	0	1	0	0	0	0	0	0	
20	1155	list	Artist	full	0	0	320	240	3	0	4	0	1	0	0	0	0	0	0	
21	1182	list	Artist	full	0	0	320	240	3	0	4	0	1	0	0	0	0	0	0	
22	1209	list	Artist	full	0	0	320	240	3	0	4	0	1	0	0	0	0	0	0	
23	1256	list	The Beatles	full	0	0	320	240	3	0	5	0	1	0	0	0	0	0	0	
24	1397	list	The Beatles	full	0	0	320	240	3	0	5	0	1	0	0	0	0	0	0	
25	1468	list	A Hard Day's Night	full	0	0	320	240	0	0	13	0	1	0	0	0	0	0	0	
26	1608	list	A Hard Day's Night	full	0	0	320	240	0	0	13	0	1	0	0	0	0	0	0	
27	1684	origin	push screen=1 origin=1 depth=1	state	0	0	0	0	-1	-1	-1	1	13	13	0	0	0	0	0	/Music/A Hard Day's Night/13 I'll Be Back.mp3
28	1685	wps	Now Playing	full	0	0	320	240	-1	-1	-1	1	13	13	0	0	55fe2758e900	128	128	/Music/A Hard Day's Night/13 I'll Be Back.mp3
29	1745	wps	Now Playing	header	0	0	320	20	-1	-1	-1	1	13	13	0	0	55fe2758e900	128	128	/Music/A Hard Day's Night/13 I'll Be Back.mp3
30	1805	wps	Now Playing	full	0	0	320	240	-1	-1	-1	1	13	13	0	0	55fe2758e900	128	128	/Music/A Hard Day's Night/13 I'll Be Back.mp3
31	1865	wps	Now Playing	full	0	0	320	240	-1	-1	-1	1	13	13	0	0	55fe2758e900	128	128	/Music/A Hard Day's Night/13 I'll Be Back.mp3
32	1965	wps	Now Playing	header	0	0	320	20	-1	-1	-1	1	13	13	0	0	55fe2758e900	128	128	/Music/A Hard Day's Night/13 I'll Be Back.mp3
33	2065	wps	Now Playing	header	0	0	320	20	-1	-1	-1	1	13	13	0	0	55fe2758e900	128	128	/Music/A Hard Day's Night/13 I'll Be Back.mp3
34	2156	origin	pop screen=1 origin=1 depth=0	state	0	0	0	0	-1	-1	-1	1	13	13	0	0	0	0	0	/Music/A Hard Day's Night/13 I'll Be Back.mp3
35	2156	list	A Hard Day's Night	full	0	0	320	240	0	0	13	1	13	13	0	0	0	0	0	/Music/A Hard Day's Night/13 I'll Be Back.mp3
36	2256	list	The Beatles	full	0	0	320	240	3	0	5	1	13	13	0	0	0	0	0	/Music/A Hard Day's Night/13 I'll Be Back.mp3
37	2338	list	Artist	full	0	0	320	240	3	0	4	1	13	13	0	0	0	0	0	/Music/A Hard Day's Night/13 I'll Be Back.mp3
38	2418	list	Music	full	0	0	320	240	1	0	15	1	13	13	0	0	0	0	0	/Music/A Hard Day's Night/13 I'll Be Back.mp3
39	2499	screen	Home	full	0	0	320	240	1	0	7	1	13	13	0	0	0	0	0	/Music/A Hard Day's Night/13 I'll Be Back.mp3
