fs	bank	block	page	slot	first8
24	0	4345	15	0	20309de50c608de5
25	0	4345	15	1	00b0a0e1fa0fa0e3
26	0	4345	15	2	00019fe550a200eb
27	0	4345	15	3	0040a003bba100eb
56	0	4345	16	0	08509d150a80a011
57	0	4345	16	1	f431d4e5c8009fe5
58	0	4345	16	2	1c309de5003063e2
59	0	4345	16	3	261f02eb043094e5
88	0	4345	17	0	203014e50010a0e3
89	0	4345	17	1	110e8de2c78d01eb
90	0	4345	17	2	2600000aa8609fe5
91	0	4345	17	3	1c109fe51c009fe5
120	0	4345	18	0	133f6fe1a332a0e1
121	0	4345	18	1	da8600ebf8ffffea
122	0	4345	18	2	5130a0e3041191e5
123	0	4345	18	3	0400a0e11080bde8
152	0	4345	19	0	0020a0e30210a0e1
153	0	4345	19	1	091083e084309fe5
154	0	4345	19	2	d7ffffeaecde0d08
155	0	4345	19	3	0300000aa0329fe5
184	0	4345	20	0	ed2d0908fa2d0908
185	0	4345	20	1	0110a0e3113312e0
186	0	4345	20	2	000050e3f6ffff0a
187	0	4345	20	3	0300001a58109fe5
216	0	4345	21	0	0000a0e304f09de4
217	0	4345	21	1	003053e20130a013
218	0	4345	21	2	24208de548209de5
219	0	4345	21	3	5d5701eb000054e1
248	0	4345	22	0	0010a0e104009de5
249	0	4345	22	1	200000ea0a10a0e3
250	0	4345	22	2	21800000f0412de9
251	0	4345	22	3	0040a0e1b83193e5
280	0	4345	23	0	4800001aa02091e5
281	0	4345	23	1	730053133c00001a
282	0	4345	23	2	16f3ffeb180199e5
283	0	4345	23	3	344197e50000a0e3
312	0	4345	24	0	0000e0e3e73301eb
313	0	4345	24	1	33005ee31b00009a
314	0	4345	24	2	010056e30100d1e5
315	0	4345	24	3	0030c2e5fef8ffeb
344	0	4345	25	0	0160a0e10270a0e1
345	0	4345	25	1	1eff2fe1a4b31908
346	0	4345	25	2	0120a0e10150a0e1
347	0	4345	25	3	065047c0015085c0
376	0	4345	26	0	0100a0e17080bde8
377	0	4345	26	1	043090e5083093e5
378	0	4345	26	2	4d800000f0482de9
379	0	4345	26	3	f6ffffea7c531108
408	0	4345	27	0	0400a0e143df8de2
409	0	4345	27	1	a9cd00eb1151d4e5
410	0	4345	27	2	70402de944609fe5
411	0	4345	27	3	0170a0e10260a0e1
440	0	4345	28	0	060053e1610000ca
441	0	4345	28	1	5900000a012086e2
442	0	4345	28	2	14309de50330c4e5
443	0	4345	28	3	033092e00300000a
472	0	4345	29	0	15a40c083b6e0908
473	0	4345	29	1	c7ffff1a0430d7e5
474	0	4345	29	2	049051e5873a0ae1
475	0	4345	29	3	5800000a180057e3
504	0	4345	30	0	38ff2fe124209de5
505	0	4345	30	1	f04f2de9803080e2
506	0	4345	30	2	24e09de50c8088e0
507	0	4345	30	3	0ec0a0e1ace29fe5
536	0	4345	31	0	0510a0e10070a0e1
537	0	4345	31	1	3030d4e50460a0e1
538	0	4345	31	2	0010a0e3371f00eb
539	0	4345	31	3	0500403000008730
568	0	4345	32	0	530000aa780194e5
569	0	4345	32	1	fefdffeb783194e5
570	0	4345	32	2	004050e2e8ffff1a
571	0	4345	32	3	188f6fe1a882a0e1
600	0	4345	33	0	7030c4e50500a0e1
601	0	4345	33	1	04508de5000050e3
602	0	4345	33	2	0030a023033181e0
603	0	4345	33	3	37ffffea6830d4e5
632	0	4345	34	0	051193e7091081e0
633	0	4345	34	1	0c0000ea100096e5
634	0	4345	34	2	141096e5122f6fe1
635	0	4345	34	3	0100a0e351d200eb
664	0	4345	35	0	c5cd4ce213c04ce2
665	0	4345	35	1	00c0a0e103e0a0e1
666	0	4345	35	2	00c0a0e302e040e2
667	0	4345	35	3	0620a0e10810a0e1
696	0	4345	36	0	016085e25c200be5
697	0	4345	36	1	48300be554301be5
698	0	4345	36	2	0500a0e18c4800eb
699	0	4345	36	3	783184e5bc32dde1
728	0	4345	37	0	a22f82e0f04f2de9
729	0	4345	37	1	030053e31700000a
730	0	4345	37	2	27f9ffeb0010a0e3
731	0	4345	37	3	0420c0e54810c0e5
760	0	4345	38	0	000051e30500000a
761	0	4345	38	1	340185e5e4ffffea
762	0	4345	38	2	28208de22010a0e3
763	0	4345	38	3	2333a0e1d0ffffea
792	0	4345	39	0	0900000a0b0053e1
793	0	4345	39	1	4f1900eb040050e3
794	0	4345	39	2	3c3184e57c30d4e5
795	0	4345	39	3	0e008de29fe8ffeb
824	0	4345	40	0	4820a0e39a0202e0
825	0	4345	40	1	00a08de5befeffeb
826	0	4345	40	2	0100009a1040bde8
827	0	4345	40	3	796900eb050070e1
856	0	4345	41	0	b10100eb0000a0e3
857	0	4345	41	1	000059e30e00000a
858	0	4345	41	2	033087e1013c83e3
859	0	4345	41	3	04f09de407402de9
888	0	4345	42	0	023182e0063083e2
889	0	4345	42	1	0100a0e30030c1e5
890	0	4345	42	2	c488120804309fe5
891	0	4345	42	3	072148e21604a0e1
920	0	4345	43	0	000056e304309715
921	0	4345	43	1	0800001af630d0e1
922	0	4345	43	2	090000aa00409ce5
923	0	4345	43	3	0030a0e15000000a
952	0	4345	44	0	0410a0e10b00a0e3
953	0	4345	44	1	00005181e6ffff8a
954	0	4345	44	2	0400a0e10c308de5
955	0	4345	44	3	b2ffffeb1020a0e3
984	0	4345	45	0	0530c0e50630c0e5
985	0	4345	45	1	ff38c3e36554a0e1
986	0	4345	45	2	0920a0e1040050e1
987	0	4345	45	3	022ca0e3301084e5
1016	0	4345	46	0	0520a0e10630a0e1
1017	0	4345	46	1	0c0000ba34309fe5
1018	0	4345	46	2	0240a0e3ecffffea
1019	0	4345	46	3	5a1200eb0430d5e5
1048	0	4345	47	0	9150c4c57080bde8
1049	0	4345	47	1	013043e2ff3003e2
1050	0	4345	47	2	9130d4e5050053e1
1051	0	4345	47	3	0040a0e1023045e2
1080	0	4345	48	0	8b0000ea0a40a0e3
1081	0	4345	48	1	1a20a0e3053083e2
1082	0	4345	48	2	0160c0e30628a0e1
1083	0	4345	48	3	f1ffffda1cc094e5
1112	0	4345	49	0	0700000af8049fe5
1113	0	4345	49	1	eca29fe50090e0e3
1114	0	4345	49	2	5bc1d3e5020480e1
1115	0	4345	49	3	7040bde8290f00ea
1144	0	4345	50	0	5b0000ea08d04de2
1145	0	4345	50	1	010c50e32004a021
1146	0	4345	50	2	696f6e3a00437572
1147	0	4345	50	3	3a20307825582069
1176	0	4345	51	0	6c75526179004252
1177	0	4345	51	1	f72f0908fe2f0908
1178	0	4345	51	2	2c7c010800000000
1179	0	4345	51	3	6270732573257300
1208	0	4345	52	0	386e0908933e0908
1209	0	4345	52	1	74004e6f74205375
1210	0	4345	52	2	6380000074030000
1211	0	4345	52	3	696c73616665002f
1232	0	4345	0	0	6710471045104410
1233	0	4345	0	1	2200010022002200
1234	0	4345	0	2	6510661066106610
1235	0	4345	0	3	2200220022002200
1240	0	4345	53	0	0100220021002200
1241	0	4345	53	1	4408440864086410
1242	0	4345	53	2	a710a820a720c820
1243	0	4345	53	3	2208220822002100
1264	0	4345	1	0	a8208718c8202b31
1265	0	4345	1	1	4208230023002300
1266	0	4345	1	2	8f62cb416a394931
1267	0	4345	1	3	c830c828e9300b31
1272	0	4345	54	0	8d49ad516c49ce61
1273	0	4345	54	1	2200010002000200
1274	0	4345	54	2	ef615072d1828f7a
1275	0	4345	54	3	6408430863086410
1296	0	4345	2	0	093129392a390931
1297	0	4345	2	1	8b518b498b498a49
1298	0	4345	2	2	6510451045104510
1299	0	4345	2	3	ea38c928c820a820
1304	0	4345	55	0	2c494d492c39c938
1305	0	4345	55	1	6c518d59ae61507a
1306	0	4345	55	2	0831293129310931
1307	0	4345	55	3	29412939e830e830
1328	0	4345	3	0	66206620a7288720
1329	0	4345	3	1	c930e938c930c828
1330	0	4345	3	2	a7206b390e4a505a
1331	0	4345	3	3	8518861886186518
1336	0	4345	56	0	6518651865188518
1337	0	4345	56	1	e938e828e820e828
1338	0	4345	56	2	66288720a920a920
1339	0	4345	56	3	e930c920c828c828
1360	0	4345	4	0	ef49505ab68b0929
1361	0	4345	4	1	514ad362789c6608
1362	0	4345	4	2	f36af36a925a9252
1363	0	4345	4	3	a628a7288628a730
1368	0	4345	57	0	a620c728c730a630
1369	0	4345	57	1	2749074127412749
1370	0	4345	57	2	d1626c39916a2e52
1371	0	4345	57	3	6d39ce49305a926a
1392	0	4345	5	0	2741e740c740c638
1393	0	4345	5	1	8518641864188518
1394	0	4345	5	2	8718661866204618
1395	0	4345	5	3	8518651865186518
1400	0	4345	58	0	6518651885108618
1401	0	4345	58	1	6518651864106410
1402	0	4345	58	2	8a418b416b396a39
1403	0	4345	58	3	8528a62885208520
1424	0	4345	6	0	2618462086284420
1425	0	4345	6	1	ee51b36a77834829
1426	0	4345	6	2	4518651064104410
1427	0	4345	6	3	6408640864086408
1432	0	4345	59	0	6508e71086088508
1433	0	4345	59	1	89288928aa308830
1434	0	4345	59	2	4430443044308430
1435	0	4345	59	3	d46a851043084308
1456	0	4345	7	0	8a390829e7288520
1457	0	4345	7	1	4a11ed21ac19cd19
1458	0	4345	7	2	8518262826404640
1459	0	4345	7	3	6510451886206618
1464	0	4345	60	0	6710460846188718
1465	0	4345	60	1	ddc4ded599a48518
1466	0	4345	60	2	6410641044106408
1467	0	4345	60	3	e7106b297ecdbfd5
1488	0	4345	8	0	2208020002082210
1489	0	4345	8	1	471068106918aa20
1490	0	4345	8	2	71620e52ec412c4a
1491	0	4345	8	3	727bd8ac759cf38b
1496	0	4345	61	0	5bb53ab5d8ac537b
1497	0	4345	61	1	2729062906214731
1498	0	4345	61	2	6418220823082308
1499	0	4345	61	3	69188a208a20eb30
1520	0	4345	9	0	2308240824084408
1521	0	4345	9	1	c820cc41d58b1694
1522	0	4345	9	2	e628c52023082308
1523	0	4345	9	3	0100220023002300
1528	0	4345	62	0	8939893989398939
1529	0	4345	62	1	7dd67dd67dd6babd
1530	0	4345	62	2	8939893989398939
1531	0	4345	62	3	9abd9abd9abd9abd
1552	0	4345	10	0	893989397dd6babd
1553	0	4345	10	1	5dd65dd67dd67dd6
1554	0	4345	10	2	8939893989398939
1555	0	4345	10	3	9abd9abd9abd9abd
1560	0	4345	63	0	8939893989398939
1561	0	4345	63	1	77617973004e6f72
1562	0	4345	63	2	004d6f6e6f204c65
1563	0	4345	63	3	6f64650050617274
1584	0	4345	11	0	4461746162617365
1585	0	4345	11	1	4172746973747300
1586	0	4345	11	2	20506c6179206167
1587	0	4345	11	3	00000000ffff0000
1592	0	4345	64	0	04fc01fbf5f8261f
1593	0	4345	64	1	eef3ed08363924ef
1594	0	4345	64	2	f60814c80c0cfeee
1595	0	4345	64	3	b3ba4265533f3d25
1616	0	4345	12	0	61696e7a5f747261
1617	0	4345	12	1	40085a584159454d
1618	0	4345	12	2	4f00524946465741
1619	0	4345	12	3	74006275666c6962
1624	0	4345	65	0	b3a90e0029aa0e00
1625	0	4345	65	1	4001000025732061
1626	0	4345	65	2	3333e3eeeeeee03e
1627	0	4345	65	3	4220442b3a202564
1648	0	4345	13	0	a41e0908141e0908
1649	0	4345	13	1	0000000000000000
1650	0	4345	13	2	7069090800000000
1651	0	4345	13	3	6b37090821000000
1656	0	4345	66	0	50ba010802000000
1657	0	4345	66	1	4818070801000100
1658	0	4345	66	2	bb00040000000000
1659	0	4345	66	3	803e000007000000
1680	0	4345	14	0	042095e51f00c2e3
1681	0	4345	14	1	310ec5065df633fc
