# Source: Open-RSC/rsc-data locations/items.json. Regions: lumbridge, varrock, falador.
# Coordinates are original RSC raw world tiles; runtime adds +2400,+1668 for this client map.
# id	name	x	y	flags
18	Cabbage	137	600	openrsc,region=lumbridge,respawn=123000
18	Cabbage	139	600	openrsc,region=lumbridge,respawn=123000
18	Cabbage	141	600	openrsc,region=lumbridge,respawn=123000
18	Cabbage	143	600	openrsc,region=lumbridge,respawn=123000
18	Cabbage	145	600	openrsc,region=lumbridge,respawn=123000
18	Cabbage	147	600	openrsc,region=lumbridge,respawn=123000
18	Cabbage	149	600	openrsc,region=lumbridge,respawn=123000
18	Cabbage	151	600	openrsc,region=lumbridge,respawn=123000
18	Cabbage	153	600	openrsc,region=lumbridge,respawn=123000
19	Egg	119	603	openrsc,region=lumbridge,respawn=25000
19	Egg	122	603	openrsc,region=lumbridge,respawn=25000
18	Cabbage	137	603	openrsc,region=lumbridge,respawn=123000
18	Cabbage	139	603	openrsc,region=lumbridge,respawn=123000
18	Cabbage	141	603	openrsc,region=lumbridge,respawn=123000
18	Cabbage	143	603	openrsc,region=lumbridge,respawn=123000
18	Cabbage	145	603	openrsc,region=lumbridge,respawn=123000
18	Cabbage	147	603	openrsc,region=lumbridge,respawn=123000
18	Cabbage	149	603	openrsc,region=lumbridge,respawn=123000
18	Cabbage	151	603	openrsc,region=lumbridge,respawn=123000
18	Cabbage	153	603	openrsc,region=lumbridge,respawn=123000
18	Cabbage	137	606	openrsc,region=lumbridge,respawn=123000
18	Cabbage	139	606	openrsc,region=lumbridge,respawn=123000
18	Cabbage	141	606	openrsc,region=lumbridge,respawn=123000
18	Cabbage	143	606	openrsc,region=lumbridge,respawn=123000
18	Cabbage	145	606	openrsc,region=lumbridge,respawn=123000
18	Cabbage	147	606	openrsc,region=lumbridge,respawn=123000
18	Cabbage	149	606	openrsc,region=lumbridge,respawn=123000
18	Cabbage	151	606	openrsc,region=lumbridge,respawn=123000
18	Cabbage	153	606	openrsc,region=lumbridge,respawn=123000
21	Bucket	121	607	openrsc,region=lumbridge,respawn=25000
18	Cabbage	137	609	openrsc,region=lumbridge,respawn=123000
18	Cabbage	139	609	openrsc,region=lumbridge,respawn=123000
18	Cabbage	141	609	openrsc,region=lumbridge,respawn=123000
18	Cabbage	143	609	openrsc,region=lumbridge,respawn=123000
18	Cabbage	145	609	openrsc,region=lumbridge,respawn=123000
18	Cabbage	147	609	openrsc,region=lumbridge,respawn=123000
18	Cabbage	149	609	openrsc,region=lumbridge,respawn=123000
18	Cabbage	151	609	openrsc,region=lumbridge,respawn=123000
18	Cabbage	153	609	openrsc,region=lumbridge,respawn=123000
18	Cabbage	137	612	openrsc,region=lumbridge,respawn=123000
18	Cabbage	139	612	openrsc,region=lumbridge,respawn=123000
18	Cabbage	141	612	openrsc,region=lumbridge,respawn=123000
18	Cabbage	143	612	openrsc,region=lumbridge,respawn=123000
18	Cabbage	145	612	openrsc,region=lumbridge,respawn=123000
18	Cabbage	147	612	openrsc,region=lumbridge,respawn=123000
18	Cabbage	149	612	openrsc,region=lumbridge,respawn=123000
18	Cabbage	151	612	openrsc,region=lumbridge,respawn=123000
18	Cabbage	153	612	openrsc,region=lumbridge,respawn=123000
241	Onion	158	621	openrsc,region=lumbridge,respawn=6000
241	Onion	160	621	openrsc,region=lumbridge,respawn=6000
241	Onion	158	623	openrsc,region=lumbridge,respawn=6000
241	Onion	160	623	openrsc,region=lumbridge,respawn=6000
28	Iron dagger	119	631	openrsc,region=lumbridge,respawn=60000
11	Bronze Arrows	140	648	openrsc,region=lumbridge,respawn=37000
135	pot	176	657	openrsc,region=lumbridge,respawn=25000
135	pot	134	660	openrsc,region=lumbridge,respawn=25000
140	jug	133	661	openrsc,region=lumbridge,respawn=25000
13	Knife	130	667	openrsc,region=lumbridge,respawn=37000
35	Mind-Rune	138	668	openrsc,region=lumbridge,respawn=37000
33	Air-Rune	117	669	openrsc,region=lumbridge,respawn=30000
118	Steel Plate Mail Body	236	180	openrsc,region=varrock,respawn=120000
465	Vial	151	184	openrsc,region=varrock,respawn=5000
465	Vial	156	190	openrsc,region=varrock,respawn=5000
6	Large Iron Helmet	242	198	openrsc,region=varrock,respawn=84000
41	Chaos-Rune	180	200	openrsc,region=varrock,respawn=126000
10	Coins	131	201	openrsc,region=varrock,respawn=60000,amount=6
423	Black dagger	161	201	openrsc,region=varrock,respawn=120000
10	Coins	133	203	openrsc,region=varrock,respawn=60000,amount=8
471	White berries	133	211	openrsc,region=varrock,respawn=5000
471	White berries	141	214	openrsc,region=varrock,respawn=5000
2	Iron Kite Shield	120	222	openrsc,region=varrock,respawn=620000
152	gold	173	250	openrsc,region=varrock,respawn=605000
121	Steel Plate Mail Legs	166	254	openrsc,region=varrock,respawn=607000
63	Steel dagger	63	256	openrsc,region=varrock,respawn=622000
413	Big Bones	130	259	openrsc,region=varrock,respawn=15000
412	skull	137	261	openrsc,region=varrock,respawn=15000
412	skull	123	263	openrsc,region=varrock,respawn=15000
413	Big Bones	123	263	openrsc,region=varrock,respawn=15000
413	Big Bones	116	268	openrsc,region=varrock,respawn=15000
413	Big Bones	131	278	openrsc,region=varrock,respawn=60000
413	Big Bones	96	279	openrsc,region=varrock,respawn=15000
83	Iron Scimitar	136	279	openrsc,region=varrock,respawn=45000
412	skull	131	280	openrsc,region=varrock,respawn=45000
60	Crossbow	73	281	openrsc,region=varrock,respawn=15000
35	Mind-Rune	71	284	openrsc,region=varrock,respawn=37000,amount=6
320	Tomato	272	289	openrsc,region=varrock,respawn=25000
319	Cheese	273	289	openrsc,region=varrock,respawn=25000
190	Crossbow bolts	229	290	openrsc,region=varrock,respawn=42000,amount=2
380	Fishing Bait	317	291	openrsc,region=varrock,respawn=25000
411	Tile	314	292	openrsc,region=varrock,respawn=5000
411	Tile	315	292	openrsc,region=varrock,respawn=5000
410	Plank	330	292	openrsc,region=varrock,respawn=5000
376	Net	315	293	openrsc,region=varrock,respawn=25000
411	Tile	329	293	openrsc,region=varrock,respawn=5000
190	Crossbow bolts	228	294	openrsc,region=varrock,respawn=42000,amount=2
410	Plank	313	294	openrsc,region=varrock,respawn=5000
411	Tile	315	294	openrsc,region=varrock,respawn=5000
190	Crossbow bolts	224	295	openrsc,region=varrock,respawn=42000,amount=2
411	Tile	304	295	openrsc,region=varrock,respawn=5000
190	Crossbow bolts	233	296	openrsc,region=varrock,respawn=42000,amount=2
410	Plank	303	297	openrsc,region=varrock,respawn=5000
190	Crossbow bolts	222	298	openrsc,region=varrock,respawn=42000,amount=2
411	Tile	312	298	openrsc,region=varrock,respawn=5000
410	Plank	322	298	openrsc,region=varrock,respawn=5000
20	Bones	328	298	openrsc,region=varrock,respawn=15000
410	Plank	303	299	openrsc,region=varrock,respawn=5000
411	Tile	318	299	openrsc,region=varrock,respawn=5000
411	Tile	320	299	openrsc,region=varrock,respawn=20000
411	Tile	323	299	openrsc,region=varrock,respawn=5000
410	Plank	327	299	openrsc,region=varrock,respawn=5000
20	Bones	321	300	openrsc,region=varrock,respawn=15000
380	Fishing Bait	318	301	openrsc,region=varrock,respawn=25000
410	Plank	304	302	openrsc,region=varrock,respawn=5000
411	Tile	307	302	openrsc,region=varrock,respawn=5000
410	Plank	324	302	openrsc,region=varrock,respawn=5000
411	Tile	306	303	openrsc,region=varrock,respawn=5000
410	Plank	320	303	openrsc,region=varrock,respawn=5000
338	Cake Tin	324	303	openrsc,region=varrock,respawn=25000
410	Plank	301	304	openrsc,region=varrock,respawn=5000
411	Tile	315	304	openrsc,region=varrock,respawn=5000
411	Tile	319	304	openrsc,region=varrock,respawn=5000
410	Plank	314	305	openrsc,region=varrock,respawn=5000
410	Plank	310	306	openrsc,region=varrock,respawn=5000
410	Plank	322	307	openrsc,region=varrock,respawn=5000
410	Plank	326	307	openrsc,region=varrock,respawn=5000
411	Tile	297	309	openrsc,region=varrock,respawn=5000
410	Plank	319	309	openrsc,region=varrock,respawn=5000
10	Coins	321	309	openrsc,region=varrock,respawn=60000,amount=5
411	Tile	325	309	openrsc,region=varrock,respawn=5000
5	Medium Iron Helmet	170	310	openrsc,region=varrock,respawn=84000
10	Coins	317	310	openrsc,region=varrock,respawn=60000,amount=4
411	Tile	320	311	openrsc,region=varrock,respawn=5000
10	Coins	326	311	openrsc,region=varrock,respawn=60000,amount=5
410	Plank	191	312	openrsc,region=varrock,respawn=5000
410	Plank	316	312	openrsc,region=varrock,respawn=5000
410	Plank	326	312	openrsc,region=varrock,respawn=5000
411	Tile	318	313	openrsc,region=varrock,respawn=5000
10	Coins	323	313	openrsc,region=varrock,respawn=60000,amount=4
410	Plank	160	314	openrsc,region=varrock,respawn=5000
410	Plank	166	315	openrsc,region=varrock,respawn=5000
63	Steel dagger	181	315	openrsc,region=varrock,respawn=622000
410	Plank	191	315	openrsc,region=varrock,respawn=5000
411	Tile	177	316	openrsc,region=varrock,respawn=15000
410	Plank	66	317	openrsc,region=varrock,respawn=5000
411	Tile	63	318	openrsc,region=varrock,respawn=15000
60	Crossbow	183	318	openrsc,region=varrock,respawn=30000
411	Tile	62	320	openrsc,region=varrock,respawn=15000
411	Tile	65	320	openrsc,region=varrock,respawn=15000
410	Plank	67	320	openrsc,region=varrock,respawn=5000
410	Plank	161	320	openrsc,region=varrock,respawn=5000
410	Plank	171	321	openrsc,region=varrock,respawn=5000
410	Plank	187	321	openrsc,region=varrock,respawn=5000
410	Plank	63	322	openrsc,region=varrock,respawn=5000
410	Plank	169	322	openrsc,region=varrock,respawn=5000
410	Plank	59	324	openrsc,region=varrock,respawn=5000
411	Tile	175	324	openrsc,region=varrock,respawn=15000
411	Tile	183	324	openrsc,region=varrock,respawn=15000
411	Tile	63	325	openrsc,region=varrock,respawn=15000
410	Plank	68	325	openrsc,region=varrock,respawn=5000
67	Steel Short Sword	68	326	openrsc,region=varrock,respawn=622000
410	Plank	71	328	openrsc,region=varrock,respawn=5000
411	Tile	69	329	openrsc,region=varrock,respawn=15000
41	Chaos-Rune	263	345	openrsc,region=varrock+falador,respawn=126000
31	Fire-Rune	253	347	openrsc,region=varrock+falador,respawn=40000
32	Water-Rune	255	347	openrsc,region=varrock+falador,respawn=40000
33	Air-Rune	257	347	openrsc,region=varrock+falador,respawn=40000
34	Earth-Rune	259	347	openrsc,region=varrock+falador,respawn=40000
35	Mind-Rune	261	347	openrsc,region=varrock+falador,respawn=37000
36	Body-Rune	263	347	openrsc,region=varrock+falador,respawn=37000
170	iron bar	220	356	openrsc,region=varrock,respawn=40000
11	Bronze Arrows	213	364	openrsc,region=varrock,respawn=20000,amount=2
11	Bronze Arrows	217	366	openrsc,region=varrock,respawn=20000,amount=2
11	Bronze Arrows	212	367	openrsc,region=varrock,respawn=20000,amount=4
11	Bronze Arrows	213	367	openrsc,region=varrock,respawn=20000,amount=2
11	Bronze Arrows	222	370	openrsc,region=varrock,respawn=20000,amount=4
11	Bronze Arrows	215	373	openrsc,region=varrock,respawn=20000,amount=3
36	Body-Rune	113	385	openrsc,region=varrock,respawn=37000,amount=2
36	Body-Rune	109	391	openrsc,region=varrock,respawn=37000,amount=2
36	Body-Rune	109	399	openrsc,region=varrock,respawn=37000,amount=2
10	Coins	113	405	openrsc,region=varrock,respawn=60000,amount=2
412	skull	310	410	openrsc,region=varrock+falador,respawn=6000
412	skull	312	412	openrsc,region=varrock+falador,respawn=6000
14	Logs	54	433	openrsc,region=varrock,respawn=15000
14	Logs	64	433	openrsc,region=varrock,respawn=15000
14	Logs	69	433	openrsc,region=varrock,respawn=15000
501	wine of Zamorak	333	434	openrsc,region=varrock+falador,respawn=61000
14	Logs	62	435	openrsc,region=varrock,respawn=15000
14	Logs	68	436	openrsc,region=varrock,respawn=15000
14	Logs	71	436	openrsc,region=varrock,respawn=15000
4	Wooden Shield	139	437	openrsc,region=varrock,respawn=63000
14	Logs	56	438	openrsc,region=varrock,respawn=15000
34	Earth-Rune	146	438	openrsc,region=varrock,respawn=37000
14	Logs	51	441	openrsc,region=varrock,respawn=15000
14	Logs	67	441	openrsc,region=varrock,respawn=15000
21	Bucket	320	442	openrsc,region=varrock+falador,respawn=25000
14	Logs	57	444	openrsc,region=varrock,respawn=15000
14	Logs	64	446	openrsc,region=varrock,respawn=15000
14	Logs	70	446	openrsc,region=varrock,respawn=15000
14	Logs	62	448	openrsc,region=varrock,respawn=15000
10	Coins	121	449	openrsc,region=varrock,respawn=61000,amount=7
14	Logs	59	451	openrsc,region=varrock,respawn=15000
43	Thread	78	451	openrsc,region=varrock,respawn=124000
10	Coins	118	452	openrsc,region=varrock,respawn=61000,amount=4
16	Leather Gloves	217	453	openrsc,region=varrock,respawn=37000
18	Cabbage	249	453	openrsc,region=varrock+falador,respawn=123000
18	Cabbage	250	453	openrsc,region=varrock+falador,respawn=123000
18	Cabbage	251	453	openrsc,region=varrock+falador,respawn=123000
18	Cabbage	252	453	openrsc,region=varrock+falador,respawn=123000
36	Body-Rune	149	454	openrsc,region=varrock,respawn=40000,amount=2
18	Cabbage	249	455	openrsc,region=varrock+falador,respawn=123000
18	Cabbage	250	455	openrsc,region=varrock+falador,respawn=123000
18	Cabbage	251	455	openrsc,region=varrock+falador,respawn=123000
18	Cabbage	252	455	openrsc,region=varrock+falador,respawn=123000
21	Bucket	120	456	openrsc,region=varrock,respawn=30000
18	Cabbage	249	457	openrsc,region=varrock+falador,respawn=123000
18	Cabbage	250	457	openrsc,region=varrock+falador,respawn=123000
18	Cabbage	251	457	openrsc,region=varrock+falador,respawn=123000
18	Cabbage	252	457	openrsc,region=varrock+falador,respawn=123000
251	Pie dish	121	465	openrsc,region=varrock,respawn=37000
337	Chocolate Bar	176	480	openrsc,region=varrock,respawn=60000
0	Iron Mace	103	484	openrsc,region=varrock,respawn=613000
1	Iron Short Sword	105	484	openrsc,region=varrock,respawn=613000
603	insect repellant	440	484	openrsc,region=varrock+falador,respawn=6000
128	Bronze Kite Shield	106	485	openrsc,region=varrock,respawn=613000
6	Large Iron Helmet	106	487	openrsc,region=varrock,respawn=613000
7	Iron Chain Mail Body	106	489	openrsc,region=varrock,respawn=607000
539	Ball	351	491	openrsc,region=varrock+falador,respawn=12000
132	cookedmeat	231	497	openrsc,region=varrock,respawn=60000
193	Beer	232	497	openrsc,region=varrock,respawn=60000
193	Beer	231	500	openrsc,region=varrock,respawn=60000
193	Beer	233	500	openrsc,region=varrock,respawn=60000
132	cookedmeat	234	500	openrsc,region=varrock,respawn=60000
135	pot	234	507	openrsc,region=varrock,respawn=25000
156	Bronze Pickaxe	231	508	openrsc,region=varrock,respawn=25000
1285	display tea	89	516	openrsc,region=varrock,respawn=30000
194	skirt	110	518	openrsc,region=varrock,respawn=26000
1100	Doogle leaves	165	521	openrsc,region=varrock,respawn=1000
1100	Doogle leaves	163	522	openrsc,region=varrock,respawn=1000
1100	Doogle leaves	167	522	openrsc,region=varrock,respawn=1000
16	Leather Gloves	306	522	openrsc,region=varrock+falador,respawn=37000
135	pot	119	523	openrsc,region=varrock,respawn=25000
1100	Doogle leaves	165	523	openrsc,region=varrock,respawn=1000
1100	Doogle leaves	167	524	openrsc,region=varrock,respawn=1000
211	Spade	291	524	openrsc,region=varrock+falador,respawn=37000
15	Leather Armour	107	526	openrsc,region=varrock,respawn=63000
14	Logs	110	526	openrsc,region=varrock,respawn=30000
14	Logs	110	527	openrsc,region=varrock,respawn=30000
18	Cabbage	118	530	openrsc,region=varrock,respawn=123000
18	Cabbage	119	530	openrsc,region=varrock,respawn=123000
18	Cabbage	118	532	openrsc,region=varrock,respawn=123000
18	Cabbage	119	532	openrsc,region=varrock,respawn=123000
18	Cabbage	118	534	openrsc,region=varrock,respawn=123000
18	Cabbage	119	534	openrsc,region=varrock,respawn=123000
622	seaweed	437	536	openrsc,region=varrock+falador,respawn=74000
622	seaweed	437	538	openrsc,region=varrock+falador,respawn=74000
236	Redberries	79	540	openrsc,region=varrock,respawn=6000
622	seaweed	437	540	openrsc,region=varrock+falador,respawn=74000
55	Cadavaberries	86	542	openrsc,region=varrock,respawn=6000
622	seaweed	437	543	openrsc,region=varrock+falador,respawn=74000
236	Redberries	90	544	openrsc,region=varrock,respawn=6000
213	rubber tube	208	546	openrsc,region=varrock,respawn=30000
177	Poison	221	546	openrsc,region=varrock,respawn=6000
210	Kebab	408	547	openrsc,region=varrock+falador,respawn=63000
55	Cadavaberries	83	548	openrsc,region=varrock,respawn=6000
228	Cabbage	229	548	openrsc,region=varrock,respawn=30000
228	Cabbage	230	548	openrsc,region=varrock,respawn=30000
228	Cabbage	231	548	openrsc,region=varrock,respawn=30000
228	Cabbage	229	549	openrsc,region=varrock,respawn=30000
228	Cabbage	230	549	openrsc,region=varrock,respawn=30000
228	Cabbage	231	549	openrsc,region=varrock,respawn=30000
228	Cabbage	229	550	openrsc,region=varrock,respawn=30000
228	Cabbage	230	550	openrsc,region=varrock,respawn=30000
228	Cabbage	231	550	openrsc,region=varrock,respawn=30000
236	Redberries	91	551	openrsc,region=varrock,respawn=6000
144	shears	200	551	openrsc,region=varrock,respawn=25000
21	Bucket	201	552	openrsc,region=varrock,respawn=30000
211	Spade	197	554	openrsc,region=varrock,respawn=37000
621	glassblowing pipe	430	559	openrsc,region=varrock+falador,respawn=75000
1204	Murder Scene Pot	484	388	openrsc,region=falador,respawn=1000
1205	A Silver Dagger	485	389	openrsc,region=falador,respawn=1000
18	Cabbage	497	397	openrsc,region=falador,respawn=123000
18	Cabbage	497	398	openrsc,region=falador,respawn=123000
18	Cabbage	497	400	openrsc,region=falador,respawn=123000
18	Cabbage	497	401	openrsc,region=falador,respawn=123000
13	Knife	509	506	openrsc,region=falador,respawn=60000
410	Plank	486	539	openrsc,region=falador,respawn=5000
410	Plank	485	540	openrsc,region=falador,respawn=5000
410	Plank	486	540	openrsc,region=falador,respawn=5000
410	Plank	488	540	openrsc,region=falador,respawn=5000
377	Fishing Rod	403	567	openrsc,region=falador,respawn=25000
18	Cabbage	248	596	openrsc,region=falador,respawn=123000
18	Cabbage	252	596	openrsc,region=falador,respawn=123000
18	Cabbage	256	596	openrsc,region=falador,respawn=123000
18	Cabbage	260	596	openrsc,region=falador,respawn=123000
18	Cabbage	248	598	openrsc,region=falador,respawn=123000
18	Cabbage	252	598	openrsc,region=falador,respawn=123000
18	Cabbage	256	598	openrsc,region=falador,respawn=123000
18	Cabbage	260	598	openrsc,region=falador,respawn=123000
18	Cabbage	248	600	openrsc,region=falador,respawn=123000
18	Cabbage	252	600	openrsc,region=falador,respawn=123000
18	Cabbage	256	600	openrsc,region=falador,respawn=123000
18	Cabbage	260	600	openrsc,region=falador,respawn=123000
18	Cabbage	248	602	openrsc,region=falador,respawn=123000
18	Cabbage	252	602	openrsc,region=falador,respawn=123000
18	Cabbage	256	602	openrsc,region=falador,respawn=123000
18	Cabbage	260	602	openrsc,region=falador,respawn=123000
469	Snape grass	362	602	openrsc,region=falador,respawn=25000
469	Snape grass	361	603	openrsc,region=falador,respawn=25000
18	Cabbage	248	604	openrsc,region=falador,respawn=123000
18	Cabbage	252	604	openrsc,region=falador,respawn=123000
18	Cabbage	256	604	openrsc,region=falador,respawn=123000
18	Cabbage	260	604	openrsc,region=falador,respawn=123000
140	jug	345	605	openrsc,region=falador,respawn=25000
18	Cabbage	248	606	openrsc,region=falador,respawn=123000
18	Cabbage	252	606	openrsc,region=falador,respawn=123000
18	Cabbage	256	606	openrsc,region=falador,respawn=123000
18	Cabbage	260	606	openrsc,region=falador,respawn=123000
167	chisel	343	606	openrsc,region=falador,respawn=25000
294	Amulet mould	344	606	openrsc,region=falador,respawn=30000
168	hammer	343	608	openrsc,region=falador,respawn=25000
