# name	detail	x	y	radius	target	to_x	to_y
My Place	Source-scale preserved area. Offline membership is free.	427	240	45		427	240
Town	Town marker in the preserved offline area.	585	382	48		427	240
Plaza	Plaza marker in the preserved offline area.	638	292	50		427	240
Dock	Dock marker in the preserved offline area.	112	362	50		427	240
Ski Village	Ski Village marker in the preserved offline area.	320	257	44		427	240
Dojo	Dojo marker in the preserved offline area.	494	52	44		427	240
Cove	Cove marker in the preserved offline area.	723	161	50		427	240
Beach	Beach marker in the preserved offline area.	126	112	42		427	240
Snow Forts	Snow Forts marker in the preserved offline area.	456	352	45		427	240
Forest	Forest marker in the preserved offline area.	694	410	44		427	240
Mine	Mine marker in the preserved offline area.	756	332	42		427	240
Iceberg	Iceberg marker in the preserved offline area.	760	67	42		427	240
