path	bytes	sha256
clips/faint.rav	134122	a0d39484a546bd0890e0ce47c51ba4ef83cd15806398e177c9b0620a38713af9
clips/jump.rav	189276	131532e6e99374c713f90b3339e8b47e191db1b52c06ddd6914e21c591cda91a
clips/kick.rav	179332	7d59eb44e25871366402bd4b618045a8fd73762e998368b465469637c320e976
clips/punch.rav	172690	dc0123ae3fd452cb2f1a94fb2087dadb41646dba2a05ff66ed579b640c7c3a04
clips/sit-idle.rav	179748	11b435875f3f17c1730b709b0299f63b84c5722e54e0cfc0e5419da6f360722c
clips/throw.rav	158880	5b4271aaab2c8079536834ef6ef7509d8f0d077874d1685314dc707367b05b6a
clips/turntable.rav	822658	19e61d6d3a632a04901ff7980afdf9c1dd01b3ffb8aa4c958be07e7e89d49d92
clips/walk.rav	187972	71d3deaa016221930a5bb060309b229ff6dd919a9242a5aa1985a072a79f579d
portrait.80x80x24.bmp	19254	fdccafb5cc7afd103821f005baf2c41b68e1b89fd1dbc81d1d5f3894c35e2bc0
profile.v1.tsv	190	6d204058e0250d64b9d481a66f5c97d512e17e64699199b797dbb28d69b12284
provenance.json	645	0ad56b36e42ab9ac4c42d333ea63713b8e3f4b33d690a4674f078079e56e4b29
sounds/ui-44100.uib	81192	b9f7f9cb721a2db82ae420fc3a368fcfcf538cd461be55616d256c035c674350
sounds/ui-48000.uib	88368	ec3f1207b6350172e4d769a94218fb026e3eae791783d7005c9a9bfa1f6ee317
sounds/unlock-44100.pcm	64512	b435dceaa7bb9e6e716506010297432dbce7b468450d2880e36ac249def773fc
sounds/unlock-48000.pcm	70220	680e732339a23748976af1b7ce26ea431cbc3c9fb50b12afcc2000e217f87fe1
