key	value
display_name	David
body	xna-boy
favorite_clip	walk
hair_style	original
top_style	original
bottom_style	original
shoes_style	original
skin_colour	original
hair_colour	original
top_colour	original
bottom_colour	original
shoes_colour	original
eye_colour	original
brow_colour	original
lip_colour	original
top_design	none
top_design_scale	medium
bottom_design	none
bottom_design_scale	medium
shoes_design	none
shoes_design_scale	medium
accent_colour	black
decal	original
costume	none
marketplace_top	none
headwear	none
prop	none
games	493
unlocked	0
achievements	1972
gamerscore	0
