id	title	description	points	badge_unlocked	badge_locked	state	measured	unlock_time	source	memaddr
88606	Volt Tackle	Win Pikachu's Rocket Start.	10	/.rockbox/achievements/generations/bbda4426deed4869/games/480cb1fff0a68de1a419/88606.bmp	/.rockbox/achievements/generations/bbda4426deed4869/games/480cb1fff0a68de1a419/88606_lock.bmp	locked	0		retroachievements	05d2ee19885d1f7711e8824bf426fcab
88607	Quick Attack	Have a Reaction Time of 0.100 Seconds or less in Pikachu's Rocket Start.	5	/.rockbox/achievements/generations/bbda4426deed4869/games/480cb1fff0a68de1a419/88607.bmp	/.rockbox/achievements/generations/bbda4426deed4869/games/480cb1fff0a68de1a419/88607_lock.bmp	locked	0		retroachievements	78501e1ed2aa4e4fdf7479722cd84f3a
88608	Future Sight	Get a Score of 50 Points or more in Slowking's Judge.	10	/.rockbox/achievements/generations/bbda4426deed4869/games/480cb1fff0a68de1a419/88608.bmp	/.rockbox/achievements/generations/bbda4426deed4869/games/480cb1fff0a68de1a419/88608_lock.bmp	locked	0		retroachievements	afd3be0b92eef7af4beaf99e3af9f199
88609	Tackle	Finish Chansey's Dribble in 20 Seconds or less.	10	/.rockbox/achievements/generations/bbda4426deed4869/games/480cb1fff0a68de1a419/88609.bmp	/.rockbox/achievements/generations/bbda4426deed4869/games/480cb1fff0a68de1a419/88609_lock.bmp	locked	0		retroachievements	88037afd9e1cf4c52d18d321e5b41299
88610	Petal Dance	Get a Score of 50 Points or more in Bellossom's Dance.	10	/.rockbox/achievements/generations/bbda4426deed4869/games/480cb1fff0a68de1a419/88610.bmp	/.rockbox/achievements/generations/bbda4426deed4869/games/480cb1fff0a68de1a419/88610_lock.bmp	locked	0		retroachievements	f73784da02aaed679f20ce2f70d471cb
88611	Close Combat	Get a Score of 50 Points or more in Hitmonchan's Boxing.	10	/.rockbox/achievements/generations/bbda4426deed4869/games/480cb1fff0a68de1a419/88611.bmp	/.rockbox/achievements/generations/bbda4426deed4869/games/480cb1fff0a68de1a419/88611_lock.bmp	locked	0		retroachievements	29ca188067356a98e99bc3cc3a82d645
88612	Infradead Feature	Try to use an Infrared Feature.		/.rockbox/achievements/generations/bbda4426deed4869/games/480cb1fff0a68de1a419/88612.bmp	/.rockbox/achievements/generations/bbda4426deed4869/games/480cb1fff0a68de1a419/88612_lock.bmp	locked	0		retroachievements	5d171d164605524158fb5dd8ff3eef0e
88613	Time to meet your Friends	Use the Alarm to know when you need to meet your Friends.		/.rockbox/achievements/generations/bbda4426deed4869/games/480cb1fff0a68de1a419/88613.bmp	/.rockbox/achievements/generations/bbda4426deed4869/games/480cb1fff0a68de1a419/88613_lock.bmp	locked	0		retroachievements	e0be55a9960588f085018ac982033621
88614	Master of Time	Start the Stop Watch and stop exactly 10 Seconds.	5	/.rockbox/achievements/generations/bbda4426deed4869/games/480cb1fff0a68de1a419/88614.bmp	/.rockbox/achievements/generations/bbda4426deed4869/games/480cb1fff0a68de1a419/88614_lock.bmp	locked	0		retroachievements	71bc8dd81762287d9c269740944cfcdf
89492	Natural Gift	Get a Score of 100 Yums or more in Snorlax's Lunch Time.	10	/.rockbox/achievements/generations/bbda4426deed4869/games/480cb1fff0a68de1a419/89492.bmp	/.rockbox/achievements/generations/bbda4426deed4869/games/480cb1fff0a68de1a419/89492_lock.bmp	locked	0		retroachievements	a086bbad9e22e2553339eceedb34933c
89493	Secret Power	Have a combo of 30 Hits and get an Extra Life in Snorlax's Lunch Time.	10	/.rockbox/achievements/generations/bbda4426deed4869/games/480cb1fff0a68de1a419/89493.bmp	/.rockbox/achievements/generations/bbda4426deed4869/games/480cb1fff0a68de1a419/89493_lock.bmp	locked	0		retroachievements	7fb98b71f9a5c359f2cdd3c40c136a58
