# id	slot	z	ax	ay	w	h	page	index	rarity	worn	name
1	none	0	0	0	0	0	0	0	rare	0	Chip 0001
2	none	0	0	0	0	0	0	1	legendary	0	Chip 0002
3	none	0	0	0	0	0	0	2	rare	0	Chip 0003
4	none	0	0	0	0	0	0	3	rare	0	Chip 0004
5	none	0	0	0	0	0	0	4	common	0	Chip 0005
6	none	0	0	0	0	0	0	5	common	0	Chip 0006
7	none	0	0	0	0	0	0	6	common	0	Chip 0007
8	none	0	0	0	0	0	0	7	common	0	Chip 0008
9	none	0	0	0	0	0	0	8	common	0	Chip 0009
10	none	0	0	0	0	0	0	9	rare	0	Chip 0010
11	none	0	0	0	0	0	0	10	common	0	Chip 0011
12	aura	0	-69	-12	124	109	0	11	common	1	Chip 0012
13	none	0	0	0	0	0	0	12	legendary	0	Chip 0013
14	none	0	0	0	0	0	0	13	legendary	0	Chip 0014
15	shell	1	-34	-35	56	46	0	14	common	1	Chip 0015
16	none	0	0	0	0	0	0	15	common	0	Chip 0016
17	shell	0	-27	-11	55	39	0	16	rare	1	Chip 0017
18	shell	0	-56	-68	84	79	0	17	rare	1	Chip 0018
19	shell	0	-41	-48	73	90	0	18	common	1	Chip 0019
20	aura	0	-46	-70	94	107	0	19	common	1	Chip 0020
21	eyes	0	0	-11	18	14	0	20	rare	1	Chip 0021
22	face	0	-28	-6	56	19	0	21	rare	1	Chip 0022
23	shell	0	-54	-20	108	39	0	22	common	1	Chip 0023
24	hair	0	-31	-39	43	29	0	23	common	1	Chip 0024
25	antenna	0	-36	-70	28	21	0	24	common	1	Chip 0025
26	arms	0	-26	7	57	83	0	25	common	1	Chip 0026
27	face	0	-17	-20	41	19	0	26	common	1	Chip 0027
28	shell	0	-34	-39	61	59	0	27	legendary	1	Chip 0028
29	shell	0	-28	-5	76	48	0	28	rare	1	Chip 0029
30	shell	0	-42	-62	69	88	0	29	common	1	Chip 0030
31	aura	0	-100	-44	179	83	0	30	common	1	Chip 0031
32	shell	0	-32	-28	60	41	0	31	legendary	1	Chip 0032
33	face	0	-9	-14	31	24	0	32	rare	1	Chip 0033
34	shell	0	-36	-19	70	35	0	33	common	1	Chip 0034
35	aura	0	-82	-61	161	81	0	34	common	1	Chip 0035
36	aura	0	-32	-59	66	139	0	35	rare	1	Chip 0036
37	none	0	0	0	0	0	0	36	common	0	Chip 0037
38	none	0	0	0	0	0	0	37	common	0	Chip 0038
39	shell	0	-36	-22	66	39	0	38	common	1	Chip 0039
40	accessory	0	-2	2	23	31	0	39	rare	1	Chip 0040
41	arms	0	-11	0	44	82	0	40	common	1	Chip 0041
42	hair	0	-52	-57	67	59	0	41	common	1	Chip 0042
43	aura	0	-50	-70	70	95	0	42	legendary	1	Chip 0043
44	hair	0	-36	-42	42	31	0	43	common	1	Chip 0044
45	none	0	0	0	0	0	0	44	rare	0	Chip 0045
46	shell	0	-26	-12	57	43	0	45	rare	1	Chip 0046
47	hair	0	22	-26	46	22	0	46	rare	1	Chip 0047
48	hair	0	-48	-45	82	50	0	47	common	1	Chip 0048
49	face	0	1	7	19	13	0	48	common	1	Chip 0049
50	accessory	0	-32	-7	16	28	0	49	rare	1	Chip 0050
51	face	0	-21	-23	49	17	1	0	common	1	Chip 0051
52	shell	0	-35	-29	54	69	1	1	rare	1	Chip 0052
54	none	0	0	0	0	0	1	2	common	0	Chip 0054
55	aura	0	-53	-21	140	98	1	3	common	1	Chip 0055
56	shell	0	-28	-26	56	52	1	4	legendary	1	Chip 0056
57	none	0	0	0	0	0	1	5	legendary	0	Chip 0057
58	hair	0	-40	-44	102	53	1	6	common	1	Chip 0058
59	hair	0	-37	-35	70	40	1	7	rare	1	Chip 0059
60	shell	0	-48	-49	71	70	1	8	common	1	Chip 0060
61	hair	0	-39	-65	73	62	1	9	common	1	Chip 0061
62	shell	0	-38	-37	65	78	1	10	rare	1	Chip 0062
63	none	0	0	0	0	0	1	11	legendary	0	Chip 0063
64	none	0	0	0	0	0	1	12	legendary	0	Chip 0064
65	face	0	-20	-20	57	27	1	13	common	1	Chip 0065
66	shell	0	-43	-43	77	61	1	14	common	1	Chip 0066
67	hair	0	-33	-36	55	40	1	15	rare	1	Chip 0067
68	shell	0	-33	-31	63	79	1	16	common	1	Chip 0068
69	shell	0	-33	-39	65	67	1	17	common	1	Chip 0069
70	hair	0	-34	-25	62	28	1	18	common	1	Chip 0070
71	shell	0	27	-8	80	51	1	19	rare	1	Chip 0071
72	arms	0	-80	-4	61	93	1	20	common	1	Chip 0072
73	none	0	0	0	0	0	1	21	common	0	Chip 0073
74	shell	0	-40	-38	75	77	1	22	legendary	1	Chip 0074
75	antenna	5	-42	-55	41	23	1	23	common	1	Chip 0075
76	aura	0	-82	-26	165	47	1	24	rare	1	Chip 0076
77	hair	0	-35	-33	58	25	1	25	common	1	Chip 0077
78	hair	0	-69	-26	44	36	1	26	rare	1	Chip 0078
79	eyes	0	12	-3	7	7	1	27	legendary	1	Chip 0079
80	face	0	-16	-18	37	7	1	28	common	1	Chip 0080
81	hair	0	-40	-36	61	37	1	29	common	1	Chip 0081
82	arms	5	-18	21	35	66	1	30	common	1	Chip 0082
83	shell	0	-41	-34	81	81	1	31	common	1	Chip 0083
84	shell	0	-41	-34	72	89	1	32	common	1	Chip 0084
85	shell	0	-51	-40	74	70	1	33	legendary	1	Chip 0085
87	shell	0	-44	-34	76	55	1	34	common	1	Chip 0087
88	shell	0	-41	-34	79	69	1	35	common	1	Chip 0088
89	aura	0	-42	-34	81	90	1	36	common	1	Chip 0089
90	aura	0	-43	-30	94	92	1	37	legendary	1	Chip 0090
91	shell	0	-37	-30	68	58	1	38	common	1	Chip 0091
92	aura	0	-56	-34	87	88	1	39	common	1	Chip 0092
93	none	0	0	0	0	0	1	40	common	0	Chip 0093
94	shell	0	-42	-30	83	71	1	41	rare	1	Chip 0094
95	shell	0	-51	-42	94	77	1	42	common	1	Chip 0095
96	shell	0	-39	-35	74	84	1	43	rare	1	Chip 0096
97	shell	0	-32	-30	62	66	1	44	rare	1	Chip 0097
98	shell	0	-44	-61	84	73	1	45	common	1	Chip 0098
99	aura	3	-64	-57	131	138	1	46	rare	1	Chip 0099
100	none	0	0	0	0	0	1	47	legendary	0	Chip 0100
101	shell	0	-40	-43	67	57	1	48	legendary	1	Chip 0101
102	eyes	0	-2	-7	20	18	1	49	rare	1	Chip 0102
103	aura	0	-45	-41	74	115	2	0	common	1	Chip 0103
104	none	0	0	0	0	0	2	1	common	0	Chip 0104
105	hair	0	-39	-64	94	66	2	2	common	1	Chip 0105
106	eyes	0	-18	-5	46	13	2	3	common	1	Chip 0106
107	shell	0	-36	-51	72	70	2	4	common	1	Chip 0107
108	shell	0	-41	-40	69	58	2	5	rare	1	Chip 0108
109	hair	0	-33	-33	54	40	2	6	common	1	Chip 0109
110	hair	0	-12	-36	16	16	2	7	legendary	1	Chip 0110
111	shell	0	-37	-30	58	43	2	8	rare	1	Chip 0111
112	shell	0	-41	-41	73	66	2	9	rare	1	Chip 0112
113	shell	0	-51	-51	93	64	2	10	common	1	Chip 0113
114	eyes	0	-15	-15	35	11	2	11	common	1	Chip 0114
115	eyes	0	-15	-15	35	11	2	12	common	1	Chip 0115
116	eyes	0	-15	-15	35	11	2	13	common	1	Chip 0116
117	eyes	0	-15	-15	35	11	2	14	common	1	Chip 0117
118	eyes	0	-15	-15	35	11	2	15	common	1	Chip 0118
119	eyes	0	-15	-15	35	11	2	16	common	1	Chip 0119
120	eyes	0	-15	-15	35	11	2	17	common	1	Chip 0120
121	eyes	0	-15	-15	35	11	2	18	common	1	Chip 0121
122	eyes	0	-15	-15	35	11	2	19	common	1	Chip 0122
123	eyes	0	-15	-15	35	11	2	20	rare	1	Chip 0123
124	eyes	0	-15	-15	35	11	2	21	rare	1	Chip 0124
125	eyes	0	-15	-15	35	11	2	22	common	1	Chip 0125
126	eyes	0	-15	-15	35	11	2	23	rare	1	Chip 0126
127	eyes	0	-15	-15	35	11	2	24	rare	1	Chip 0127
128	eyes	0	-15	-15	35	11	2	25	rare	1	Chip 0128
129	eyes	0	12	-16	9	9	2	26	rare	1	Chip 0129
130	none	0	0	0	0	0	2	27	common	0	Chip 0130
131	eyes	0	-15	-16	36	12	2	28	common	1	Chip 0131
132	eyes	0	-14	-15	11	11	2	29	common	1	Chip 0132
133	eyes	0	-14	-15	11	11	2	30	common	1	Chip 0133
134	eyes	0	-14	-15	11	11	2	31	legendary	1	Chip 0134
135	none	0	0	0	0	0	2	32	common	0	Chip 0135
136	none	0	0	0	0	0	2	33	rare	0	Chip 0136
137	hair	0	-9	-24	21	21	2	34	rare	1	Chip 0137
138	eyes	0	-16	-16	13	13	2	35	common	1	Chip 0138
140	eyes	0	-15	-15	13	11	2	36	common	1	Chip 0140
141	face	0	-19	-18	46	26	2	37	common	1	Chip 0141
142	shell	0	-28	-31	69	58	2	38	common	1	Chip 0142
147	shell	0	-27	-11	55	36	2	39	rare	1	Chip 0147
149	shell	0	-46	-38	82	73	2	40	common	1	Chip 0149
154	aura	0	6	-64	110	89	2	41	rare	1	Chip 0154
156	shell	0	-47	-41	88	62	2	42	rare	1	Chip 0156
163	hair	0	-56	-40	103	43	2	43	common	1	Chip 0163
164	shell	0	-65	-28	129	42	2	44	rare	1	Chip 0164
165	hair	0	-21	-34	35	17	2	45	rare	1	Chip 0165
166	arms	0	-25	6	56	82	2	46	rare	1	Chip 0166
167	shell	0	-36	-30	70	50	2	47	common	1	Chip 0167
168	face	0	-21	-23	48	20	2	48	common	1	Chip 0168
169	arms	0	-25	6	52	30	2	49	common	1	Chip 0169
170	shell	0	-38	-35	74	58	3	0	rare	1	Chip 0170
171	eyes	0	3	-9	38	16	3	1	common	1	Chip 0171
172	accessory	0	-21	-23	45	14	3	2	rare	1	Chip 0172
173	eyes	0	3	-8	10	9	3	3	common	1	Chip 0173
174	hair	0	-27	-30	49	24	3	4	rare	1	Chip 0174
175	hair	0	-28	-31	55	34	3	5	common	1	Chip 0175
176	aura	0	-120	-11	139	80	3	6	rare	1	Chip 0176
178	face	0	-19	-23	43	23	3	7	common	1	Chip 0178
179	hair	0	-22	-25	50	29	3	8	rare	1	Chip 0179
180	eyes	0	-9	-15	28	11	3	9	rare	1	Chip 0180
181	eyes	0	-16	-17	37	14	3	10	common	1	Chip 0181
182	eyes	0	-15	-16	35	11	3	11	rare	1	Chip 0182
183	face	0	-14	-17	35	21	3	12	common	1	Chip 0183
184	face	0	-20	-22	42	21	3	13	rare	1	Chip 0184
185	eyes	0	-20	-19	42	15	3	14	common	1	Chip 0185
186	face	0	-17	-21	42	18	3	15	legendary	1	Chip 0186
187	face	0	-20	-3	48	29	3	16	common	1	Chip 0187
188	face	0	-14	1	26	21	3	17	common	1	Chip 0188
189	face	0	-16	-4	42	29	3	18	common	1	Chip 0189
190	eyes	0	2	-5	14	12	3	19	common	1	Chip 0190
191	face	0	-16	-7	40	26	3	20	common	1	Chip 0191
192	face	0	2	2	11	9	3	21	rare	1	Chip 0192
193	face	0	-13	-4	37	24	3	22	common	1	Chip 0193
194	face	0	-3	-1	22	11	3	23	common	1	Chip 0194
195	face	0	-33	-6	59	27	3	24	common	1	Chip 0195
196	eyes	0	-34	-23	14	30	3	25	rare	1	Chip 0196
197	hair	0	-37	-25	18	18	3	26	rare	1	Chip 0197
198	arms	0	-24	11	50	37	3	27	common	1	Chip 0198
199	hair	0	-34	-65	32	65	3	28	rare	1	Chip 0199
202	hair	0	-29	-54	63	45	3	29	rare	1	Chip 0202
203	arms	1	-65	-12	75	68	3	30	common	1	Chip 0203
204	antenna	0	-33	-70	22	17	3	31	common	1	Chip 0204
205	shell	0	-27	-22	68	51	3	32	common	1	Chip 0205
206	shell	0	-40	-18	77	28	3	33	legendary	1	Chip 0206
210	hair	0	-58	-58	105	55	3	34	common	1	Chip 0210
211	hair	0	-27	-67	59	71	3	35	common	1	Chip 0211
212	shell	0	-31	-69	59	96	3	36	common	1	Chip 0212
213	aura	0	-51	-45	98	80	3	37	rare	1	Chip 0213
216	eyes	0	3	-4	13	10	3	38	rare	1	Chip 0216
217	eyes	0	5	-7	9	6	3	39	common	1	Chip 0217
219	arms	0	-26	11	20	28	3	40	rare	1	Chip 0219
244	hair	0	-45	-58	65	63	3	41	legendary	1	Chip 0244
246	aura	0	-35	-36	69	115	3	42	common	1	Chip 0246
247	shell	0	-33	-54	73	92	3	43	rare	1	Chip 0247
248	shell	0	-29	-37	63	69	3	44	rare	1	Chip 0248
249	aura	0	-63	-70	100	75	3	45	common	1	Chip 0249
251	arms	0	-21	-9	56	67	3	46	rare	1	Chip 0251
252	eyes	0	-10	-21	29	18	3	47	common	1	Chip 0252
253	shell	0	-37	-14	74	24	3	48	rare	1	Chip 0253
254	hair	0	-32	-31	69	20	3	49	rare	1	Chip 0254
255	hair	0	-33	-56	54	47	4	0	common	1	Chip 0255
256	arms	0	-55	-6	45	88	4	1	rare	1	Chip 0256
257	arms	0	15	-9	44	86	4	2	common	1	Chip 0257
258	aura	0	-46	-21	75	120	4	3	common	1	Chip 0258
260	aura	0	-63	-42	144	112	4	4	legendary	1	Chip 0260
261	aura	0	-72	-59	89	85	4	5	common	1	Chip 0261
262	hair	0	-32	-28	60	19	4	6	legendary	1	Chip 0262
263	shell	0	-13	-10	43	57	4	7	legendary	1	Chip 0263
264	shell	0	-41	-49	64	60	4	8	rare	1	Chip 0264
265	face	0	-28	-21	55	24	4	9	rare	1	Chip 0265
266	hair	0	-40	-58	55	57	4	10	common	1	Chip 0266
267	shell	0	-28	-10	66	48	4	11	common	1	Chip 0267
270	shell	0	-19	-30	38	56	4	12	common	1	Chip 0270
272	face	0	-16	-17	33	31	4	13	rare	1	Chip 0272
273	eyes	0	-17	-15	16	16	4	14	legendary	1	Chip 0273
274	face	0	-19	-7	45	26	4	15	common	1	Chip 0274
275	hair	0	-20	-26	48	23	4	16	common	1	Chip 0275
276	arms	0	-44	3	73	82	4	17	common	1	Chip 0276
279	aura	0	-64	-17	128	103	4	18	common	1	Chip 0279
280	aura	0	-49	-70	85	91	4	19	rare	1	Chip 0280
281	hair	0	-40	-61	57	61	4	20	legendary	1	Chip 0281
282	hair	0	-40	-61	57	61	4	21	rare	1	Chip 0282
283	hair	0	-40	-61	57	61	4	22	common	1	Chip 0283
285	hair	0	-40	-61	57	61	4	23	rare	1	Chip 0285
287	shell	0	-26	-30	55	59	4	24	common	1	Chip 0287
288	aura	0	-85	-11	174	57	4	25	common	1	Chip 0288
289	arms	0	26	-18	56	79	4	26	rare	1	Chip 0289
290	arms	0	-71	-8	52	81	4	27	common	1	Chip 0290
291	shell	0	-39	-35	57	50	4	28	legendary	1	Chip 0291
292	aura	0	-64	6	129	89	4	29	common	1	Chip 0292
293	shell	0	-33	-32	70	60	4	30	common	1	Chip 0293
294	hair	0	-19	-26	45	30	4	31	legendary	1	Chip 0294
295	shell	0	-61	-26	105	44	4	32	common	1	Chip 0295
296	shell	0	-33	-38	70	56	4	33	common	1	Chip 0296
297	aura	0	-53	-28	101	95	4	34	common	1	Chip 0297
302	aura	0	-80	-70	160	151	4	35	common	1	Chip 0302
303	hair	0	7	-70	54	57	4	36	common	1	Chip 0303
304	hair	0	24	-70	90	69	4	37	legendary	1	Chip 0304
305	arms	0	6	-6	79	91	4	38	legendary	1	Chip 0305
306	aura	0	-24	1	87	110	4	39	rare	1	Chip 0306
307	arms	0	-112	8	92	75	4	40	rare	1	Chip 0307
308	shell	0	-98	-44	87	64	4	41	common	1	Chip 0308
309	aura	0	-120	-70	97	72	4	42	common	1	Chip 0309
310	aura	0	-52	-70	83	63	4	43	rare	1	Chip 0310
311	hair	0	-44	-66	52	65	4	44	rare	1	Chip 0311
313	shell	0	-30	-30	59	58	4	45	common	1	Chip 0313
314	face	0	-18	-18	41	19	4	46	rare	1	Chip 0314
315	shell	0	-35	-46	70	93	4	47	common	1	Chip 0315
316	shell	0	-59	-34	117	49	4	48	common	1	Chip 0316
317	aura	0	-71	-20	142	61	4	49	common	1	Chip 0317
318	aura	0	-54	23	108	87	5	0	rare	1	Chip 0318
319	aura	1	-80	-54	160	107	5	1	common	1	Chip 0319
321	antenna	0	51	-70	68	19	5	2	common	1	Chip 0321
323	face	0	-14	-23	35	20	5	3	common	1	Chip 0323
324	hair	0	-13	-44	62	33	5	4	common	1	Chip 0324
325	hair	0	-44	-26	79	36	5	5	legendary	1	Chip 0325
326	face	0	-8	-4	34	31	5	6	legendary	1	Chip 0326
327	shell	0	-15	-4	45	44	5	7	rare	1	Chip 0327
328	hair	0	-36	-54	66	50	5	8	rare	1	Chip 0328
329	hair	0	-17	-52	71	46	5	9	common	1	Chip 0329
330	arms	0	-17	19	43	91	5	10	rare	1	Chip 0330
353	shell	0	-28	-28	56	54	5	11	rare	1	Chip 0353
355	hair	0	-29	-40	57	32	5	12	common	1	Chip 0355
356	hair	0	-29	-41	58	32	5	13	rare	1	Chip 0356
360	aura	0	-52	-70	96	136	5	14	legendary	1	Chip 0360
362	aura	0	-37	-30	72	110	5	15	rare	1	Chip 0362
363	aura	0	-35	-64	80	126	5	16	rare	1	Chip 0363
365	hair	0	-28	-33	52	24	5	17	common	1	Chip 0365
366	face	0	-9	-10	31	51	5	18	rare	1	Chip 0366
367	face	0	-8	-8	30	42	5	19	common	1	Chip 0367
368	face	0	-20	-18	45	18	5	20	legendary	1	Chip 0368
369	aura	0	-107	-70	102	91	5	21	common	1	Chip 0369
370	shell	0	-20	-70	50	82	5	22	common	1	Chip 0370
371	aura	0	-69	-11	78	98	5	23	common	1	Chip 0371
372	aura	0	-18	-70	102	103	5	24	common	1	Chip 0372
384	face	0	-23	-18	56	23	5	25	rare	1	Chip 0384
385	face	0	-18	-7	47	36	5	26	rare	1	Chip 0385
386	aura	0	-79	-36	155	72	5	27	rare	1	Chip 0386
392	hair	0	-30	-27	56	22	5	28	common	1	Chip 0392
393	face	0	-18	-23	41	25	5	29	rare	1	Chip 0393
394	face	0	-17	-11	45	35	5	30	common	1	Chip 0394
395	arms	0	-23	15	43	17	5	31	common	1	Chip 0395
396	hair	0	-34	-52	61	49	5	32	legendary	1	Chip 0396
398	aura	0	-59	-50	115	82	5	33	legendary	1	Chip 0398
399	shell	0	-21	-17	61	42	5	34	legendary	1	Chip 0399
400	aura	0	-47	-51	80	94	5	35	rare	1	Chip 0400
402	hair	0	-22	-29	49	27	5	36	legendary	1	Chip 0402
403	arms	0	-29	8	39	88	5	37	rare	1	Chip 0403
405	antenna	0	-11	-66	73	43	5	38	rare	1	Chip 0405
406	arms	0	-23	19	55	36	5	39	common	1	Chip 0406
409	shell	0	-25	6	52	26	5	40	rare	1	Chip 0409
413	hair	0	-34	-52	63	62	5	41	rare	1	Chip 0413
414	face	0	-18	-21	44	20	5	42	legendary	1	Chip 0414
415	face	0	-7	-9	35	35	5	43	rare	1	Chip 0415
416	aura	0	-82	-64	129	64	5	44	common	1	Chip 0416
417	shell	0	-2	-18	62	66	5	45	common	1	Chip 0417
418	aura	0	-64	-38	114	70	5	46	common	1	Chip 0418
420	shell	0	-112	-3	112	46	5	47	common	1	Chip 0420
423	shell	0	-23	-23	51	81	5	48	rare	1	Chip 0423
424	shell	0	11	-70	62	82	5	49	common	1	Chip 0424
425	arms	0	-80	-9	66	76	6	0	common	1	Chip 0425
444	aura	0	-51	-46	81	118	6	1	common	1	Chip 0444
445	aura	0	-59	-45	109	150	6	2	legendary	1	Chip 0445
446	hair	0	-39	-42	67	42	6	3	legendary	1	Chip 0446
447	antenna	0	-32	-70	20	16	6	4	legendary	1	Chip 0447
448	shell	0	-35	-36	74	82	6	5	legendary	1	Chip 0448
449	aura	0	-50	-37	97	91	6	6	rare	1	Chip 0449
450	shell	0	-28	-28	56	54	6	7	common	1	Chip 0450
453	aura	0	-77	-52	84	90	6	8	common	1	Chip 0453
454	shell	0	-32	-38	62	63	6	9	common	1	Chip 0454
455	face	0	-33	-18	68	24	6	10	common	1	Chip 0455
457	arms	0	-17	2	63	75	6	11	common	1	Chip 0457
458	aura	0	-102	-49	182	86	6	12	legendary	1	Chip 0458
461	aura	0	-120	-20	194	130	6	13	rare	1	Chip 0461
465	aura	0	-78	0	198	109	6	14	common	1	Chip 0465
487	aura	0	-45	-62	118	90	6	15	rare	1	Chip 0487
488	arms	0	-59	7	107	54	6	16	common	1	Chip 0488
489	arms	0	-39	7	75	95	6	17	common	1	Chip 0489
490	hair	0	-22	-39	39	24	6	18	rare	1	Chip 0490
491	hair	0	-61	-58	113	58	6	19	common	1	Chip 0491
492	face	0	-3	-1	29	16	6	20	rare	1	Chip 0492
493	hair	0	-28	-33	53	32	6	21	rare	1	Chip 0493
494	face	0	-16	-6	43	17	6	22	rare	1	Chip 0494
495	shell	0	-41	-29	80	53	6	23	legendary	1	Chip 0495
496	face	0	-16	-8	40	22	6	24	common	1	Chip 0496
497	hair	0	-40	-41	79	46	6	25	rare	1	Chip 0497
499	hair	0	-49	-45	81	50	6	26	rare	1	Chip 0499
500	antenna	0	-30	-70	16	16	6	27	common	1	Chip 0500
503	shell	0	-44	-35	84	67	6	28	rare	1	Chip 0503
504	shell	0	29	-24	60	49	6	29	legendary	1	Chip 0504
505	shell	0	-32	-27	83	55	6	30	common	1	Chip 0505
507	arms	0	-36	-35	60	117	6	31	rare	1	Chip 0507
509	aura	0	-80	-30	167	100	6	32	rare	1	Chip 0509
510	aura	-1	1	-49	71	144	6	33	common	1	Chip 0510
512	hair	0	-50	-49	100	47	6	34	common	1	Chip 0512
513	aura	0	-49	-16	107	88	6	35	legendary	1	Chip 0513
514	hair	0	-37	-28	67	30	6	36	rare	1	Chip 0514
515	shell	0	-31	-26	66	50	6	37	rare	1	Chip 0515
519	face	0	-12	-24	26	48	6	38	common	1	Chip 0519
520	shell	0	-23	-24	48	48	6	39	rare	1	Chip 0520
521	shell	0	-23	-24	48	48	6	40	legendary	1	Chip 0521
522	shell	0	-22	-24	45	49	6	41	rare	1	Chip 0522
523	face	0	-22	-21	27	44	6	42	common	1	Chip 0523
524	face	0	-19	-20	24	40	6	43	rare	1	Chip 0524
525	face	0	-19	-18	24	42	6	44	rare	1	Chip 0525
526	face	0	-24	-20	41	38	6	45	common	1	Chip 0526
527	shell	0	-23	-24	49	48	6	46	common	1	Chip 0527
528	face	0	-19	-22	36	45	6	47	rare	1	Chip 0528
529	face	0	-28	-23	63	27	6	48	common	1	Chip 0529
530	face	0	-26	-23	59	27	6	49	legendary	1	Chip 0530
531	face	0	-26	-23	59	27	7	0	rare	1	Chip 0531
535	aura	0	-46	-34	93	106	7	1	rare	1	Chip 0535
537	aura	0	-83	-63	140	73	7	2	legendary	1	Chip 0537
538	aura	0	-115	-15	226	130	7	3	common	1	Chip 0538
539	shell	0	-120	-5	101	49	7	4	common	1	Chip 0539
540	shell	0	-19	-20	57	43	7	5	legendary	1	Chip 0540
542	shell	0	-51	-60	92	76	7	6	common	1	Chip 0542
549	hair	0	-24	-70	54	62	7	7	common	1	Chip 0549
550	hair	0	-25	-30	50	30	7	8	common	1	Chip 0550
552	aura	0	-51	-29	95	100	7	9	rare	1	Chip 0552
553	arms	0	-30	0	81	70	7	10	common	1	Chip 0553
554	eyes	0	-2	-4	19	10	7	11	rare	1	Chip 0554
557	shell	0	-31	-27	50	72	7	12	common	1	Chip 0557
558	hair	0	-37	-37	47	33	7	13	common	1	Chip 0558
559	shell	0	-3	-14	66	59	7	14	common	1	Chip 0559
560	aura	0	-77	-6	108	82	7	15	common	1	Chip 0560
563	hair	0	-54	-33	101	27	7	16	common	1	Chip 0563
564	shell	0	-32	-29	63	59	7	17	legendary	1	Chip 0564
565	aura	0	-57	-19	122	79	7	18	common	1	Chip 0565
568	hair	0	-36	-47	43	33	7	19	common	1	Chip 0568
569	shell	0	-12	-4	38	47	7	20	rare	1	Chip 0569
571	aura	0	-38	-10	88	100	7	21	common	1	Chip 0571
572	hair	0	-44	-53	73	47	7	22	rare	1	Chip 0572
573	hair	0	-31	-46	44	38	7	23	common	1	Chip 0573
574	face	0	-22	-12	45	21	7	24	common	1	Chip 0574
577	shell	0	-26	-24	53	48	7	25	rare	1	Chip 0577
578	shell	0	-36	-44	73	60	7	26	legendary	1	Chip 0578
579	shell	0	-28	-28	57	54	7	27	rare	1	Chip 0579
580	arms	0	-88	13	85	44	7	28	common	1	Chip 0580
581	eyes	0	-15	-15	35	11	7	29	rare	1	Chip 0581
889	hair	0	-63	-61	111	63	7	30	common	1	Chip 0889
900	arms	2	-52	-38	104	108	7	31	common	1	iPod Earbuds
901	hair	3	-35	-44	70	46	7	32	common	1	Beatles Mop Top
902	accessory	3	26	-13	34	38	7	33	common	1	Rockbox Badge
903	shell	2	-34	-4	68	68	7	34	rare	1	Click Wheel Shell
904	accessory	3	28	-12	58	34	7	35	rare	1	Beatles Drum
905	accessory	3	21	-18	60	72	7	36	rare	1	Emma Stage Mic
906	accessory	3	-61	-18	48	48	7	37	rare	1	Rockbox Clef
907	aura	4	-54	-45	108	118	7	38	legendary	1	iPod Listener
908	shell	-1	-37	-36	74	74	7	39	legendary	1	Abbey Road Disc
909	shell	-1	-42	-4	84	72	7	40	legendary	1	Emma Stage Jacket
910	aura	-3	-55	-52	110	104	7	41	legendary	1	Rockbox Halo
911	accessory	3	23	-18	48	72	7	42	legendary	1	RockPod Classic
912	hair	4	-38	-46	76	56	7	43	common	1	Oliver Bowl Cut
913	eyes	5	-22	-18	44	18	7	44	rare	1	Oliver Shades
914	shell	-1	-42	-4	84	72	7	45	legendary	1	Oliver LP3 Jacket
915	hair	4	-36	-52	72	50	7	46	common	1	Fox Ears
916	hair	4	-36	-42	72	66	7	47	common	1	Hound Ears
917	aura	-2	-72	-20	88	86	7	48	rare	1	Fox Tail
918	shell	-1	-44	-3	88	66	7	49	legendary	1	Hound Friendship Collar
919	hair	4	-37	-43	74	58	8	0	common	1	Villains Bob
920	shell	-1	-43	-3	86	72	8	1	rare	1	Villains Ringer Tee
921	hair	4	-50	-44	100	72	8	2	rare	1	Box Pigtails
922	shell	-1	-46	-3	92	76	8	3	legendary	1	Box Stripe Sweater
923	hair	4	-44	-43	88	114	8	4	common	1	Madly Long Locks
924	shell	-1	-47	-4	94	126	8	5	rare	1	Madly Junkyard Fit
925	aura	-3	-73	-48	146	132	8	6	legendary	1	Madly Scrap Heart
926	hair	4	-39	-45	78	62	8	7	common	1	Camden Tousle
927	face	5	-16	4	32	10	8	8	common	1	Lucky Moustache
928	hair	4	-50	-48	100	94	8	9	rare	1	Joy Ponytail
929	shell	-1	-47	-4	94	126	8	10	rare	1	Camden Plaid Fit
930	accessory	3	22	-17	60	76	8	11	legendary	1	The Karma List
931	aura	-3	-73	-48	146	132	8	12	legendary	1	Good Karma Halo
932	arms	2	-55	-12	110	62	8	13	common	1	Peace Sign Pair
933	arms	2	-55	-8	110	58	8	14	rare	1	Double Thumbs Up
934	arms	2	-55	-12	110	62	8	15	legendary	1	Rock Horns Pair
935	hair	4	-38	-45	76	58	8	16	common	1	Turbo Bowl Cut
936	eyes	5	-22	-18	44	18	8	17	rare	1	Turbo Red Shades
937	shell	-1	-48	-4	96	126	8	18	legendary	1	Turbo Windbreaker Fit
938	aura	-3	-75	-48	150	100	8	19	legendary	1	Wall Brick Halo
939	eyes	5	-23	-18	46	18	8	20	rare	1	Prism Beam Shades
940	arms	2	-65	-39	130	94	8	21	legendary	1	Hybrid Mech Wings
941	shell	-1	-48	-4	96	80	8	22	rare	1	Meteora Spray Hoodie
942	hair	4	-41	-45	82	60	8	23	common	1	Riot Scribble Bob
943	shell	-1	-48	-4	96	80	8	24	rare	1	Riot Orange Jacket
944	eyes	5	-23	-18	46	20	8	25	common	1	Sunnyvale Shades
945	shell	-1	-48	-4	96	80	8	26	rare	1	Trailer Park Work Shirt
946	hair	4	-43	-45	86	58	8	27	common	1	Playground Cap
947	arms	2	-60	-35	120	100	8	28	rare	1	Recess Backpack
948	arms	2	-63	-43	126	90	8	29	common	1	Mall Headphones
949	shell	-1	-48	-4	96	80	8	30	legendary	1	Food Court Hoodie
950	hair	4	-41	-46	82	60	8	31	common	1	Rooftop Shag
951	eyes	5	-23	-18	46	18	8	32	common	1	Round Beat Glasses
952	face	5	-17	3	34	12	8	33	rare	1	Pepper Moustache
953	shell	-1	-48	-4	96	80	8	34	legendary	1	Pepper Band Jacket
954	shell	-1	-48	-4	96	80	8	35	rare	1	Rooftop Shearling
955	accessory	3	15	-25	78	84	8	36	legendary	1	Violin Beat Bass
956	hair	4	-43	-47	86	58	8	37	rare	1	Submarine Captain
957	arms	2	-54	8	108	68	8	38	common	1	Beat Drumsticks
958	hair	4	-43	-45	86	58	8	39	common	1	Trainer League Cap
959	accessory	3	20	-14	52	62	8	40	common	1	Poke Ball Toss
960	shell	-1	-48	-4	96	80	8	41	rare	1	GO Field Jacket
961	shell	-1	-48	-4	96	80	8	42	rare	1	GO Research Coat
962	accessory	3	22	-18	62	76	8	43	rare	1	GO Raid Pass
963	accessory	3	20	-18	62	76	8	44	legendary	1	Pocket Dex
964	aura	-3	-75	-48	150	132	8	45	legendary	1	GO Lure Halo
965	eyes	5	-24	-18	48	18	8	46	common	1	GO AR Visor
966	shell	-1	-48	-4	96	80	8	47	legendary	1	Rocket Grunt Fit
967	accessory	3	20	-14	52	62	8	48	rare	1	Great Ball Toss
968	aura	-3	-75	-42	150	120	8	49	legendary	1	GO Map Explorer
