# code	kind	value	label
OLIVER	grant	912	Oliver Bowl Cut
OLIVER	grant	913	Oliver Shades
OLIVER	grant	914	Oliver LP3 Jacket
OLIVER	grant	923	Madly Long Locks
OLIVER	grant	924	Madly Junkyard Fit
OLIVER	grant	925	Madly Scrap Heart
OLIVER	grant	935	Turbo Bowl Cut
OLIVER	grant	936	Turbo Red Shades
OLIVER	grant	937	Turbo Windbreaker Fit
BLACKERY	grant	905	Emma Stage Mic
BLACKERY	grant	909	Emma Stage Jacket
BLACKERY	grant	919	Villains Bob
BLACKERY	grant	920	Villains Ringer Tee
BLACKERY	grant	921	Box Pigtails
BLACKERY	grant	922	Box Stripe Sweater
RUNES	grant	1016	Rune Platebody
RUNES	grant	1017	Dragon Platebody
RUNES	grant	1018	Ornate Godsword
RUNES	grant	1019	Abyssal Whip
RUNES	grant	1020	Dragon Claws
RUNES	grant	1021	OSRS Party Hat
RUNES	grant	1022	OSRS Santa Hat
RUNES	grant	1023	OSRS Fire Cape
RUNES	grant	1024	OSRS Max Cape
RUNES	grant	1025	Twisted Bow
RUNES	grant	1026	Dragon Scimitar
RUNES	grant	1027	Amulet of Fury
RUNES	grant	1028	Barrows Gloves
