# id	name	members
aura	Aura Collection	12,20,31,35,36,43,55,76,89,90,92,99,103,154,176,213,246,249,258,260,261,279,280,288,292,297,302,306,309,310,317,318,319,360,362,363,369,371,372,386,398,400,416,418,444,445,449,453,458,461,465,487,509,510,513,535,537,538,552,560,565,571,907,910,917,925,931,938,964,968
hair	Hair Collection	24,42,44,47,48,58,59,61,67,70,77,78,81,105,109,110,137,163,165,174,175,179,197,199,202,210,211,244,254,255,262,266,275,281,282,283,285,294,303,304,311,324,325,328,329,355,356,365,392,396,402,413,446,490,491,493,497,499,512,514,549,550,558,563,568,572,573,889,901,912,915,916,919,921,923,926,928,935,942,946,950,956,958
shell	Shell Collection	15,17,18,19,23,28,29,30,32,34,39,46,52,56,60,62,66,68,69,71,74,83,84,85,87,88,91,94,95,96,97,98,101,107,108,111,112,113,142,147,149,156,164,167,170,205,206,212,247,248,253,263,264,267,270,287,291,293,295,296,308,313,315,316,327,353,370,399,409,417,420,423,424,448,450,454,495,503,504,505,515,520,521,522,527,539,540,542,557,559,564,569,577,578,579,903,908,909,914,918,920,922,924,929,937,941,943,945,949,953,954,960,961,966
eyes	Eyes Collection	21,79,102,106,114,115,116,117,118,119,120,121,122,123,124,125,126,127,128,129,131,132,133,134,138,140,171,173,180,181,182,185,190,196,216,217,252,273,554,581,913,936,939,944,951,965
face	Face Collection	22,27,33,49,51,65,80,141,168,178,183,184,186,187,188,189,191,192,193,194,195,265,272,274,314,323,326,366,367,368,384,385,393,394,414,415,455,492,494,496,519,523,524,525,526,528,529,530,531,574,927,952
antenna	Antenna Collection	25,75,204,321,405,447,500
arms	Arms Collection	26,41,72,82,166,169,198,203,219,251,256,257,276,289,290,305,307,330,395,403,406,425,457,488,489,507,553,580,900,932,933,934,940,947,948,957
accessory	Accessory Collection	40,50,172,902,904,905,906,911,930,955,959,962,963,967
none	None Collection	1,2,3,4,5,6,7,8,9,10,11,13,14,16,37,38,45,54,57,63,64,73,93,100,104,130,135,136
ipod-exclusive	iPod Exclusives	900,901,902,903,904,905,906,907,908,909,910,911,912,913,914,915,916,917,918,919,920,921,922,923,924,925,926,927,928,929,930,931,932,933,934,935,936,937,938,939,940,941,942,943,944,945,946,947,948,949,950,951,952,953,954,955,956,957,958,959,960,961,962,963,964,965,966,967,968
my-name-is-earl	My Name Is Earl	926,927,928,929,930,931
hand-gestures	Hand Gestures	932,933,934
oliver-turbo	Oliver Tree Turbo	935,936,937
the-wall	The Wall	938,939
hybrid-meteora	Hybrid Theory + Meteora	940,941
riot	Riot!	942,943
sunnyvale	Sunnyvale	944,945
recess	Recess	946,947
6teen	6teen	948,949
beatles-eras	Beatles Eras	901,904,908,950,951,952,953,954,955,956,957
pokemon-core	Pokemon	958,959,963,966,967
pokemon-go	Pokemon GO	960,961,962,964,965,968
fast-food-dive	Fast Food House Dive	969,970,971,972
dollhouse	Dollhouse	973,974,975,976
polaroid	Polaroid	977,978,979
hero-of-time	Hero of Time	980,981,982,983,986
hero-companions	Hero Companions	984,985,987
hasanabi	HasanAbi	988,989,990,991
qtcinderella	QTCinderella	992,993,994,995
mayahiga	Maya Higa	996,997,998,999
montreal-canadiens	Montreal Canadiens	1000,1001,1002,1003
pet-companions	Pet Companions	1004,1005,1006,1007,1008
pink-floyd	Pink Floyd	1009,1010,1011
portal-2	Portal 2	1012,1013,1014,1015
osrs-runes	OSRS Runes	1016,1017,1018,1019,1020
osrs-runes-2	OSRS Runes: Popular Gear	1021,1022,1023,1024,1025,1026,1027,1028
polaroid-2	Polaroid: More Prints	1029,1030,1031
killer-instinct	Killer Instinct	1032,1033,1034
cyberpunk-2077	Cyberpunk 2077	1035,1036,1037,1038
