title	region	year	genre	developer	publisher	cover
Pokemon Party Mini	USA/Europe/Japan	2001	Mini games	Denyusha	Nintendo	Pokemon Party Mini (USA).bmp
Pokemon Pinball Mini	USA/Europe/Japan	2001	Pinball	Jupiter	Nintendo	Pokemon Pinball Mini (USA, Europe).bmp
Pokemon Puzzle Collection	USA/Europe/Japan	2001	Puzzle	Jupiter	Nintendo	Pokemon Puzzle Collection (USA, Europe).bmp
Pokemon Zany Cards	USA/Europe/Japan	2001	Card game	Denyusha	Nintendo	Pokemon Zany Cards (USA, Europe).bmp
Pokemon Tetris	Europe/Japan	2002	Puzzle	Zener Works	Nintendo	Pokemon Tetris (Europe) (En,Ja,Fr).bmp
Pokemon Puzzle Collection Vol. 2	Japan	2002	Puzzle	Jupiter	Nintendo	Pokemon Puzzle Collection Vol. 2 (Japan).bmp
Pokemon Race Mini	Japan	2002	Racing	Jupiter	Nintendo	Pokemon Race Mini (Japan).bmp
Pichu Bros. Mini	Japan	2002	Mini games	Denyusha	Nintendo	Pichu Bros. Mini (Japan).bmp
Togepi no Daibouken	Japan	2002	Puzzle	Jupiter	Nintendo	Togepi no Daibouken (Japan).bmp
Pokemon Sodateyasan Mini	Japan	2002	Virtual pet	Jupiter	Nintendo	Pokemon Sodateyasan Mini (Japan).bmp
